timestamp,unit_id,unit_type,empire_or_resistance,location_x,location_y,destination_x,destination_y,homeworld
2023-07-11 14:22:14.821286,1,at-st,resistance,28,46,61,97,"{'id': 41, 'name': 'Tund'}"
2023-07-11 14:22:14.822284,2,at-at,empire,33,51,80,71,"{'id': 41, 'name': 'Tund'}"
2023-07-11 14:22:14.822284,3,tie_silencer,empire,49,15,75,93,"{'id': 54, 'name': 'Zolan'}"
2023-07-11 14:22:14.822284,4,unknown,resistance,72,57,25,63,"{'id': 37, 'name': 'Ryloth'}"
2023-07-11 14:22:14.822284,5,tie_silencer,resistance,37,41,9,33,"{'id': 29, 'name': 'Trandosha'}"
2023-07-11 14:22:14.822284,6,x-wing,empire,91,15,66,85,"{'id': 28, 'name': 'Dagobah'}"
2023-07-11 14:22:14.822284,7,tie_fighter,empire,22,52,82,54,"{'id': 1, 'name': 'Tatooine'}"
2023-07-11 14:22:14.822284,8,resistance_soldier,resistance,48,59,1,84,"{'id': 31, 'name': 'Mon Cala'}"
2023-07-11 14:22:14.822284,9,at-st,resistance,92,87,7,76,"{'id': 57, 'name': 'Muunilinst'}"
2023-07-11 14:22:14.822284,10,stormtrooper,empire,91,42,56,8,"{'id': 54, 'name': 'Zolan'}"
2023-07-11 14:22:14.822284,11,stormtrooper,resistance,26,9,21,83,"{'id': 60, 'name': 'Umbara'}"
2023-07-11 14:22:14.822284,12,tie_fighter,resistance,80,94,49,70,"{'id': 38, 'name': 'Aleen Minor'}"
2023-07-11 14:22:14.822284,13,unknown,empire,92,2,77,57,"{'id': 57, 'name': 'Muunilinst'}"
2023-07-11 14:22:14.822284,14,tie_fighter,empire,73,0,64,67,"{'id': 8, 'name': 'Naboo'}"
2023-07-11 14:22:14.822284,15,at-st,resistance,76,53,41,71,"{'id': 22, 'name': 'Corellia'}"
2023-07-11 14:22:14.822284,16,unknown,empire,91,38,89,35,"{'id': 51, 'name': 'Mirial'}"
2023-07-11 14:22:14.822284,17,tie_silencer,empire,84,35,8,23,"{'id': 52, 'name': 'Serenno'}"
2023-07-11 14:22:14.822284,18,at-at,empire,27,33,9,17,"{'id': 31, 'name': 'Mon Cala'}"
2023-07-11 14:22:14.822284,19,tie_fighter,resistance,40,81,49,94,"{'id': 26, 'name': 'Bestine IV'}"
2023-07-11 14:22:14.822284,20,at-st,resistance,6,55,72,31,"{'id': 44, 'name': 'Glee Anselm'}"
2023-07-11 14:22:14.822284,21,tie_fighter,resistance,64,13,68,2,"{'id': 50, 'name': 'Champala'}"
2023-07-11 14:22:14.822284,22,unknown,resistance,59,38,67,62,"{'id': 30, 'name': 'Socorro'}"
2023-07-11 14:22:14.822284,23,tie_silencer,empire,64,17,5,28,"{'id': 14, 'name': 'Kashyyyk'}"
2023-07-11 14:22:14.822284,24,at-st,empire,19,66,54,87,"{'id': 2, 'name': 'Alderaan'}"
2023-07-11 14:22:14.822284,25,at-at,empire,81,97,12,6,"{'id': 55, 'name': 'Ojom'}"
2023-07-11 14:22:14.822284,26,tie_fighter,empire,13,1,77,22,"{'id': 30, 'name': 'Socorro'}"
2023-07-11 14:22:14.822284,27,tie_silencer,resistance,30,4,28,94,"{'id': 35, 'name': 'Malastare'}"
2023-07-11 14:22:14.823284,28,at-at,empire,53,39,3,75,"{'id': 40, 'name': 'Troiken'}"
2023-07-11 14:22:14.823284,29,x-wing,empire,7,43,7,67,"{'id': 14, 'name': 'Kashyyyk'}"
2023-07-11 14:22:14.823284,30,at-st,resistance,19,84,79,13,"{'id': 34, 'name': 'Toydaria'}"
2023-07-11 14:22:14.823284,31,unknown,resistance,88,80,91,46,"{'id': 30, 'name': 'Socorro'}"
2023-07-11 14:22:14.823284,32,tie_fighter,empire,30,44,38,20,"{'id': 8, 'name': 'Naboo'}"
2023-07-11 14:22:14.823284,33,x-wing,resistance,54,69,6,10,"{'id': 41, 'name': 'Tund'}"
2023-07-11 14:22:14.823284,34,unknown,empire,19,64,7,11,"{'id': 28, 'name': 'Dagobah'}"
2023-07-11 14:22:14.823284,35,x-wing,empire,69,90,52,74,"{'id': 45, 'name': 'Iridonia'}"
2023-07-11 14:22:14.823284,36,stormtrooper,empire,41,8,71,40,"{'id': 30, 'name': 'Socorro'}"
2023-07-11 14:22:14.823284,37,stormtrooper,resistance,95,74,64,56,"{'id': 59, 'name': 'Kalee'}"
2023-07-11 14:22:14.823284,38,resistance_soldier,empire,13,20,54,87,"{'id': 51, 'name': 'Mirial'}"
2023-07-11 14:22:14.823284,39,resistance_soldier,resistance,50,44,45,34,"{'id': 51, 'name': 'Mirial'}"
2023-07-11 14:22:14.823284,40,at-at,resistance,99,73,4,85,"{'id': 30, 'name': 'Socorro'}"
2023-07-11 14:22:14.823284,41,stormtrooper,empire,11,62,12,11,"{'id': 23, 'name': 'Rodia'}"
2023-07-11 14:22:14.823284,42,at-at,resistance,88,21,20,16,"{'id': 56, 'name': 'Skako'}"
2023-07-11 14:22:14.823284,43,at-st,empire,3,41,59,11,"{'id': 50, 'name': 'Champala'}"
2023-07-11 14:22:14.823284,44,tie_fighter,resistance,47,47,94,81,"{'id': 1, 'name': 'Tatooine'}"
2023-07-11 14:22:14.823284,45,at-st,empire,54,82,93,71,"{'id': 14, 'name': 'Kashyyyk'}"
2023-07-11 14:22:14.823284,46,unknown,resistance,69,48,38,1,"{'id': 40, 'name': 'Troiken'}"
2023-07-11 14:22:14.823284,47,tie_silencer,resistance,92,14,42,28,"{'id': 2, 'name': 'Alderaan'}"
2023-07-11 14:22:14.823284,48,at-at,resistance,83,37,78,27,"{'id': 39, 'name': 'Vulpter'}"
2023-07-11 14:22:14.823284,49,unknown,resistance,7,41,89,96,"{'id': 33, 'name': 'Sullust'}"
2023-07-11 14:22:14.823284,50,tie_fighter,empire,66,97,7,75,"{'id': 59, 'name': 'Kalee'}"
2023-07-11 14:22:14.823284,51,unknown,empire,12,64,78,5,"{'id': 59, 'name': 'Kalee'}"
2023-07-11 14:22:14.823284,52,at-st,empire,29,84,44,94,"{'id': 40, 'name': 'Troiken'}"
2023-07-11 14:22:14.823284,53,tie_silencer,resistance,88,27,82,89,"{'id': 2, 'name': 'Alderaan'}"
2023-07-11 14:22:14.824286,54,tie_silencer,empire,46,52,70,93,"{'id': 32, 'name': 'Chandrila'}"
2023-07-11 14:22:14.824286,55,unknown,empire,0,59,53,61,"{'id': 36, 'name': 'Dathomir'}"
2023-07-11 14:22:14.824286,56,at-st,empire,17,65,74,1,"{'id': 54, 'name': 'Zolan'}"
2023-07-11 14:22:14.824286,57,at-at,resistance,30,84,12,39,"{'id': 54, 'name': 'Zolan'}"
2023-07-11 14:22:14.824286,58,stormtrooper,empire,38,25,8,91,"{'id': 2, 'name': 'Alderaan'}"
2023-07-11 14:22:14.824286,59,tie_fighter,empire,86,57,63,56,"{'id': 30, 'name': 'Socorro'}"
2023-07-11 14:22:14.824286,60,unknown,empire,26,30,39,68,"{'id': 20, 'name': 'Stewjon'}"
2023-07-11 14:22:14.824286,61,stormtrooper,resistance,94,49,23,28,"{'id': 44, 'name': 'Glee Anselm'}"
2023-07-11 14:22:14.824286,62,at-st,resistance,82,35,98,70,"{'id': 60, 'name': 'Umbara'}"
2023-07-11 14:22:14.824286,63,at-st,empire,17,5,22,33,"{'id': 57, 'name': 'Muunilinst'}"
2023-07-11 14:22:14.824286,64,stormtrooper,resistance,44,99,96,75,"{'id': 56, 'name': 'Skako'}"
2023-07-11 14:22:14.824286,65,at-st,resistance,13,2,72,81,"{'id': 20, 'name': 'Stewjon'}"
2023-07-11 14:22:14.824286,66,unknown,empire,50,80,29,56,"{'id': 32, 'name': 'Chandrila'}"
2023-07-11 14:22:14.824286,67,resistance_soldier,empire,28,41,68,46,"{'id': 36, 'name': 'Dathomir'}"
2023-07-11 14:22:14.824286,68,at-st,empire,67,10,47,64,"{'id': 40, 'name': 'Troiken'}"
2023-07-11 14:22:14.824286,69,tie_fighter,empire,82,61,83,55,"{'id': 33, 'name': 'Sullust'}"
2023-07-11 14:22:14.824286,70,at-st,empire,42,69,71,24,"{'id': 38, 'name': 'Aleen Minor'}"
2023-07-11 14:22:14.824286,71,unknown,resistance,14,63,35,21,"{'id': 14, 'name': 'Kashyyyk'}"
2023-07-11 14:22:14.824286,72,resistance_soldier,resistance,45,58,99,84,"{'id': 52, 'name': 'Serenno'}"
2023-07-11 14:22:14.824286,73,tie_fighter,empire,39,36,73,45,"{'id': 23, 'name': 'Rodia'}"
2023-07-11 14:22:14.824286,74,at-at,resistance,17,50,46,67,"{'id': 26, 'name': 'Bestine IV'}"
2023-07-11 14:22:14.824286,75,unknown,resistance,14,26,94,68,"{'id': 2, 'name': 'Alderaan'}"
2023-07-11 14:22:14.824286,76,tie_silencer,empire,31,54,69,83,"{'id': 49, 'name': 'Dorin'}"
2023-07-11 14:22:14.824286,77,at-st,empire,45,22,80,12,"{'id': 59, 'name': 'Kalee'}"
2023-07-11 14:22:14.824286,78,resistance_soldier,resistance,28,3,6,100,"{'id': 21, 'name': 'Eriadu'}"
2023-07-11 14:22:14.824286,79,x-wing,resistance,41,80,71,45,"{'id': 29, 'name': 'Trandosha'}"
2023-07-11 14:22:14.824286,80,at-st,resistance,77,68,60,57,"{'id': 31, 'name': 'Mon Cala'}"
2023-07-11 14:22:14.824286,81,unknown,resistance,85,82,52,3,"{'id': 23, 'name': 'Rodia'}"
2023-07-11 14:22:14.824286,82,tie_fighter,resistance,91,26,51,50,"{'id': 49, 'name': 'Dorin'}"
2023-07-11 14:22:14.824286,83,resistance_soldier,resistance,26,19,63,38,"{'id': 39, 'name': 'Vulpter'}"
2023-07-11 14:22:14.825284,84,stormtrooper,resistance,9,31,50,99,"{'id': 40, 'name': 'Troiken'}"
2023-07-11 14:22:14.825284,85,resistance_soldier,empire,29,66,36,36,"{'id': 23, 'name': 'Rodia'}"
2023-07-11 14:22:14.825284,86,tie_fighter,resistance,2,25,22,25,"{'id': 29, 'name': 'Trandosha'}"
2023-07-11 14:22:14.825284,87,unknown,empire,74,15,23,7,"{'id': 8, 'name': 'Naboo'}"
2023-07-11 14:22:14.825284,88,at-st,resistance,1,3,40,75,"{'id': 44, 'name': 'Glee Anselm'}"
2023-07-11 14:22:14.825284,89,stormtrooper,empire,6,38,21,35,"{'id': 22, 'name': 'Corellia'}"
2023-07-11 14:22:14.825284,90,tie_silencer,empire,27,18,96,43,"{'id': 52, 'name': 'Serenno'}"
2023-07-11 14:22:14.825284,91,x-wing,resistance,65,80,53,73,"{'id': 23, 'name': 'Rodia'}"
2023-07-11 14:22:14.825284,92,tie_fighter,empire,3,70,28,24,"{'id': 55, 'name': 'Ojom'}"
2023-07-11 14:22:14.825284,93,stormtrooper,resistance,32,27,47,22,"{'id': 54, 'name': 'Zolan'}"
2023-07-11 14:22:14.825284,94,at-st,empire,95,98,80,6,"{'id': 20, 'name': 'Stewjon'}"
2023-07-11 14:22:14.825284,95,stormtrooper,empire,76,85,62,62,"{'id': 54, 'name': 'Zolan'}"
2023-07-11 14:22:14.825284,96,resistance_soldier,empire,64,23,54,29,"{'id': 14, 'name': 'Kashyyyk'}"
2023-07-11 14:22:14.825284,97,tie_fighter,empire,53,92,86,22,"{'id': 60, 'name': 'Umbara'}"
2023-07-11 14:22:14.825284,98,tie_silencer,empire,30,41,47,29,"{'id': 22, 'name': 'Corellia'}"
2023-07-11 14:22:14.825284,99,unknown,resistance,92,76,73,51,"{'id': 42, 'name': 'Haruun Kal'}"
2023-07-11 14:22:14.825284,100,stormtrooper,empire,42,87,41,6,"{'id': 43, 'name': 'Cerea'}"
2023-07-11 14:22:14.825284,101,resistance_soldier,resistance,89,29,42,97,"{'id': 41, 'name': 'Tund'}"
2023-07-11 14:22:14.825284,102,x-wing,resistance,60,98,35,20,"{'id': 38, 'name': 'Aleen Minor'}"
2023-07-11 14:22:14.825284,103,tie_fighter,resistance,2,34,53,88,"{'id': 58, 'name': 'Shili'}"
2023-07-11 14:22:14.825284,104,unknown,resistance,59,28,33,42,"{'id': 2, 'name': 'Alderaan'}"
2023-07-11 14:22:14.825284,105,x-wing,resistance,73,31,30,37,"{'id': 42, 'name': 'Haruun Kal'}"
2023-07-11 14:22:14.825284,106,x-wing,resistance,11,64,1,80,"{'id': 34, 'name': 'Toydaria'}"
2023-07-11 14:22:14.825284,107,at-st,resistance,86,35,75,38,"{'id': 56, 'name': 'Skako'}"
2023-07-11 14:22:14.825284,108,at-st,resistance,73,2,65,12,"{'id': 49, 'name': 'Dorin'}"
2023-07-11 14:22:14.825284,109,at-st,resistance,49,97,94,41,"{'id': 14, 'name': 'Kashyyyk'}"
2023-07-11 14:22:14.825284,110,at-st,resistance,19,10,18,85,"{'id': 23, 'name': 'Rodia'}"
2023-07-11 14:22:14.825284,111,at-st,empire,68,44,80,50,"{'id': 39, 'name': 'Vulpter'}"
2023-07-11 14:22:14.825284,112,unknown,empire,60,2,23,68,"{'id': 29, 'name': 'Trandosha'}"
2023-07-11 14:22:14.825284,113,tie_fighter,empire,72,94,5,48,"{'id': 60, 'name': 'Umbara'}"
2023-07-11 14:22:14.826284,114,tie_silencer,resistance,89,52,35,23,"{'id': 36, 'name': 'Dathomir'}"
2023-07-11 14:22:14.826284,115,at-at,resistance,83,26,69,92,"{'id': 60, 'name': 'Umbara'}"
2023-07-11 14:22:14.826284,116,unknown,resistance,13,35,71,67,"{'id': 26, 'name': 'Bestine IV'}"
2023-07-11 14:22:14.826284,117,stormtrooper,resistance,30,83,49,98,"{'id': 39, 'name': 'Vulpter'}"
2023-07-11 14:22:14.826284,118,stormtrooper,empire,33,41,69,81,"{'id': 29, 'name': 'Trandosha'}"
2023-07-11 14:22:14.826284,119,stormtrooper,empire,35,66,89,91,"{'id': 49, 'name': 'Dorin'}"
2023-07-11 14:22:14.826284,120,tie_silencer,resistance,7,99,4,13,"{'id': 23, 'name': 'Rodia'}"
2023-07-11 14:22:14.826284,121,tie_silencer,empire,24,47,49,83,"{'id': 31, 'name': 'Mon Cala'}"
2023-07-11 14:22:14.826284,122,stormtrooper,empire,36,12,88,29,"{'id': 8, 'name': 'Naboo'}"
2023-07-11 14:22:14.826284,123,at-at,resistance,94,41,83,89,"{'id': 14, 'name': 'Kashyyyk'}"
2023-07-11 14:22:14.826284,124,resistance_soldier,resistance,57,87,16,45,"{'id': 40, 'name': 'Troiken'}"
2023-07-11 14:22:14.826284,125,unknown,empire,41,80,87,15,"{'id': 14, 'name': 'Kashyyyk'}"
2023-07-11 14:22:14.826284,126,tie_silencer,resistance,25,94,77,79,"{'id': 34, 'name': 'Toydaria'}"
2023-07-11 14:22:14.826284,127,unknown,resistance,19,97,66,74,"{'id': 49, 'name': 'Dorin'}"
2023-07-11 14:22:14.826284,128,stormtrooper,empire,20,37,34,3,"{'id': 58, 'name': 'Shili'}"
2023-07-11 14:22:14.826284,129,tie_silencer,empire,37,31,88,55,"{'id': 49, 'name': 'Dorin'}"
2023-07-11 14:22:14.826284,130,tie_silencer,resistance,34,93,42,74,"{'id': 50, 'name': 'Champala'}"
2023-07-11 14:22:14.826284,131,unknown,resistance,52,27,36,93,"{'id': 60, 'name': 'Umbara'}"
2023-07-11 14:22:14.826284,132,at-at,resistance,35,54,20,81,"{'id': 31, 'name': 'Mon Cala'}"
2023-07-11 14:22:14.826284,133,tie_fighter,resistance,47,88,8,81,"{'id': 30, 'name': 'Socorro'}"
2023-07-11 14:22:14.826284,134,at-st,resistance,91,23,65,93,"{'id': 48, 'name': 'Quermia'}"
2023-07-11 14:22:14.826284,135,at-at,resistance,63,58,25,54,"{'id': 34, 'name': 'Toydaria'}"
2023-07-11 14:22:14.826284,136,stormtrooper,resistance,27,6,78,76,"{'id': 50, 'name': 'Champala'}"
2023-07-11 14:22:14.826284,137,at-at,resistance,38,94,49,55,"{'id': 53, 'name': 'Concord Dawn'}"
2023-07-11 14:22:14.826284,138,resistance_soldier,empire,75,96,51,23,"{'id': 2, 'name': 'Alderaan'}"
2023-07-11 14:22:14.826284,139,at-at,empire,63,42,44,39,"{'id': 21, 'name': 'Eriadu'}"
2023-07-11 14:22:14.826284,140,resistance_soldier,empire,31,54,38,2,"{'id': 49, 'name': 'Dorin'}"
2023-07-11 14:22:14.826284,141,stormtrooper,empire,14,45,29,24,"{'id': 51, 'name': 'Mirial'}"
2023-07-11 14:22:14.826284,142,tie_silencer,resistance,30,45,69,83,"{'id': 20, 'name': 'Stewjon'}"
2023-07-11 14:22:14.826284,143,x-wing,empire,64,90,72,24,"{'id': 60, 'name': 'Umbara'}"
2023-07-11 14:22:14.827287,144,x-wing,empire,9,83,20,46,"{'id': 37, 'name': 'Ryloth'}"
2023-07-11 14:22:14.827287,145,x-wing,empire,41,13,44,46,"{'id': 55, 'name': 'Ojom'}"
2023-07-11 14:22:14.827287,146,stormtrooper,resistance,37,43,72,74,"{'id': 55, 'name': 'Ojom'}"
2023-07-11 14:22:14.827287,147,stormtrooper,resistance,96,74,62,60,"{'id': 46, 'name': 'Tholoth'}"
2023-07-11 14:22:14.827287,148,x-wing,resistance,2,10,32,13,"{'id': 39, 'name': 'Vulpter'}"
2023-07-11 14:22:14.827287,149,tie_silencer,empire,90,50,48,77,"{'id': 31, 'name': 'Mon Cala'}"
2023-07-11 14:22:14.827287,150,resistance_soldier,empire,40,14,60,1,"{'id': 42, 'name': 'Haruun Kal'}"
2023-07-11 14:22:14.827287,151,at-at,empire,33,62,70,23,"{'id': 26, 'name': 'Bestine IV'}"
2023-07-11 14:22:14.827287,152,unknown,resistance,19,71,44,56,"{'id': 56, 'name': 'Skako'}"
2023-07-11 14:22:14.827287,153,at-st,resistance,16,75,78,0,"{'id': 46, 'name': 'Tholoth'}"
2023-07-11 14:22:14.827287,154,resistance_soldier,empire,96,0,35,8,"{'id': 37, 'name': 'Ryloth'}"
2023-07-11 14:22:14.827287,155,x-wing,empire,10,12,22,13,"{'id': 55, 'name': 'Ojom'}"
2023-07-11 14:22:14.827287,156,at-at,resistance,39,39,76,95,"{'id': 51, 'name': 'Mirial'}"
2023-07-11 14:22:14.827287,157,tie_fighter,empire,33,92,36,36,"{'id': 51, 'name': 'Mirial'}"
2023-07-11 14:22:14.827287,158,stormtrooper,empire,18,86,60,75,"{'id': 14, 'name': 'Kashyyyk'}"
2023-07-11 14:22:14.827287,159,tie_silencer,resistance,95,0,18,2,"{'id': 31, 'name': 'Mon Cala'}"
2023-07-11 14:22:14.827287,160,resistance_soldier,empire,59,42,21,1,"{'id': 30, 'name': 'Socorro'}"
2023-07-11 14:22:14.827287,161,resistance_soldier,resistance,26,81,96,58,"{'id': 32, 'name': 'Chandrila'}"
2023-07-11 14:22:14.827287,162,tie_silencer,empire,56,30,7,13,"{'id': 59, 'name': 'Kalee'}"
2023-07-11 14:22:14.827287,163,at-at,empire,43,49,27,33,"{'id': 28, 'name': 'Dagobah'}"
2023-07-11 14:22:14.827287,164,tie_fighter,resistance,67,46,46,82,"{'id': 8, 'name': 'Naboo'}"
2023-07-11 14:22:14.827287,165,at-at,empire,33,97,38,27,"{'id': 43, 'name': 'Cerea'}"
2023-07-11 14:22:14.827287,166,at-st,resistance,53,75,1,52,"{'id': 55, 'name': 'Ojom'}"
2023-07-11 14:22:14.827287,167,at-st,resistance,41,16,89,40,"{'id': 26, 'name': 'Bestine IV'}"
2023-07-11 14:22:14.827287,168,tie_fighter,resistance,11,22,25,12,"{'id': 45, 'name': 'Iridonia'}"
2023-07-11 14:22:14.827287,169,tie_fighter,resistance,55,14,29,39,"{'id': 23, 'name': 'Rodia'}"
2023-07-11 14:22:14.827287,170,at-at,resistance,76,46,87,0,"{'id': 54, 'name': 'Zolan'}"
2023-07-11 14:22:14.827287,171,at-st,empire,19,93,78,47,"{'id': 46, 'name': 'Tholoth'}"
2023-07-11 14:22:14.828286,172,tie_silencer,empire,64,49,17,36,"{'id': 48, 'name': 'Quermia'}"
2023-07-11 14:22:14.828286,173,tie_silencer,resistance,79,99,6,30,"{'id': 43, 'name': 'Cerea'}"
2023-07-11 14:22:14.828286,174,at-st,resistance,90,55,20,29,"{'id': 60, 'name': 'Umbara'}"
2023-07-11 14:22:14.828286,175,unknown,empire,78,14,14,55,"{'id': 14, 'name': 'Kashyyyk'}"
2023-07-11 14:22:14.828286,176,at-st,empire,25,54,50,97,"{'id': 2, 'name': 'Alderaan'}"
2023-07-11 14:22:14.828286,177,tie_fighter,empire,8,16,99,27,"{'id': 55, 'name': 'Ojom'}"
2023-07-11 14:22:14.828286,178,tie_silencer,empire,87,23,38,70,"{'id': 53, 'name': 'Concord Dawn'}"
2023-07-11 14:22:14.828286,179,resistance_soldier,empire,50,12,22,34,"{'id': 46, 'name': 'Tholoth'}"
2023-07-11 14:22:14.828286,180,at-st,empire,40,20,80,37,"{'id': 26, 'name': 'Bestine IV'}"
2023-07-11 14:22:14.828286,181,stormtrooper,empire,74,36,33,7,"{'id': 33, 'name': 'Sullust'}"
2023-07-11 14:22:14.828286,182,tie_fighter,resistance,46,24,76,61,"{'id': 36, 'name': 'Dathomir'}"
2023-07-11 14:22:14.828286,183,at-at,resistance,66,51,47,3,"{'id': 58, 'name': 'Shili'}"
2023-07-11 14:22:14.828286,184,at-at,empire,72,58,37,89,"{'id': 54, 'name': 'Zolan'}"
2023-07-11 14:22:14.828286,185,resistance_soldier,empire,87,89,13,23,"{'id': 51, 'name': 'Mirial'}"
2023-07-11 14:22:14.828286,186,tie_fighter,empire,41,68,1,5,"{'id': 23, 'name': 'Rodia'}"
2023-07-11 14:22:14.828286,187,tie_silencer,resistance,0,3,96,36,"{'id': 38, 'name': 'Aleen Minor'}"
2023-07-11 14:22:14.828286,188,x-wing,empire,95,56,84,25,"{'id': 54, 'name': 'Zolan'}"
2023-07-11 14:22:14.828286,189,resistance_soldier,empire,95,45,42,3,"{'id': 57, 'name': 'Muunilinst'}"
2023-07-11 14:22:14.828286,190,at-at,empire,90,94,63,98,"{'id': 34, 'name': 'Toydaria'}"
2023-07-11 14:22:14.828286,191,resistance_soldier,resistance,33,43,4,81,"{'id': 55, 'name': 'Ojom'}"
2023-07-11 14:22:14.828286,192,at-at,empire,27,87,58,38,"{'id': 42, 'name': 'Haruun Kal'}"
2023-07-11 14:22:14.828286,193,tie_silencer,empire,43,80,96,3,"{'id': 44, 'name': 'Glee Anselm'}"
2023-07-11 14:22:14.828286,194,tie_fighter,resistance,1,20,4,51,"{'id': 57, 'name': 'Muunilinst'}"
2023-07-11 14:22:14.828286,195,x-wing,resistance,42,96,97,100,"{'id': 37, 'name': 'Ryloth'}"
2023-07-11 14:22:14.828286,196,unknown,resistance,19,10,38,36,"{'id': 21, 'name': 'Eriadu'}"
2023-07-11 14:22:14.828286,197,at-st,empire,18,77,49,15,"{'id': 22, 'name': 'Corellia'}"
2023-07-11 14:22:14.828286,198,tie_fighter,empire,22,54,14,5,"{'id': 54, 'name': 'Zolan'}"
2023-07-11 14:22:14.828286,199,tie_fighter,resistance,32,32,1,65,"{'id': 48, 'name': 'Quermia'}"
2023-07-11 14:22:14.828286,200,at-at,empire,42,14,84,2,"{'id': 30, 'name': 'Socorro'}"
2023-07-11 14:22:14.829283,201,resistance_soldier,resistance,6,77,88,30,"{'id': 44, 'name': 'Glee Anselm'}"
2023-07-11 14:22:14.829283,202,tie_fighter,resistance,61,9,31,73,"{'id': 48, 'name': 'Quermia'}"
2023-07-11 14:22:14.829283,203,at-st,resistance,2,89,43,42,"{'id': 32, 'name': 'Chandrila'}"
2023-07-11 14:22:14.829283,204,unknown,resistance,22,80,45,95,"{'id': 52, 'name': 'Serenno'}"
2023-07-11 14:22:14.829283,205,at-at,resistance,86,100,81,76,"{'id': 53, 'name': 'Concord Dawn'}"
2023-07-11 14:22:14.829283,206,tie_silencer,resistance,26,54,64,34,"{'id': 37, 'name': 'Ryloth'}"
2023-07-11 14:22:14.829283,207,stormtrooper,empire,90,92,31,52,"{'id': 49, 'name': 'Dorin'}"
2023-07-11 14:22:14.829283,208,resistance_soldier,resistance,18,33,94,13,"{'id': 1, 'name': 'Tatooine'}"
2023-07-11 14:22:14.829283,209,stormtrooper,resistance,59,91,6,96,"{'id': 2, 'name': 'Alderaan'}"
2023-07-11 14:22:14.829283,210,x-wing,empire,65,87,58,55,"{'id': 39, 'name': 'Vulpter'}"
2023-07-11 14:22:14.829283,211,at-st,resistance,83,21,65,90,"{'id': 33, 'name': 'Sullust'}"
2023-07-11 14:22:14.829283,212,resistance_soldier,resistance,98,34,90,87,"{'id': 34, 'name': 'Toydaria'}"
2023-07-11 14:22:14.829283,213,x-wing,empire,57,10,23,29,"{'id': 8, 'name': 'Naboo'}"
2023-07-11 14:22:14.829283,214,x-wing,empire,43,91,37,99,"{'id': 1, 'name': 'Tatooine'}"
2023-07-11 14:22:14.829283,215,resistance_soldier,empire,29,71,53,17,"{'id': 39, 'name': 'Vulpter'}"
2023-07-11 14:22:14.829283,216,stormtrooper,empire,14,18,17,3,"{'id': 54, 'name': 'Zolan'}"
2023-07-11 14:22:14.829283,217,at-at,resistance,63,89,24,1,"{'id': 40, 'name': 'Troiken'}"
2023-07-11 14:22:14.829283,218,x-wing,empire,98,61,51,90,"{'id': 22, 'name': 'Corellia'}"
2023-07-11 14:22:14.829283,219,at-at,resistance,26,32,77,86,"{'id': 53, 'name': 'Concord Dawn'}"
2023-07-11 14:22:14.829283,220,at-st,resistance,39,48,27,29,"{'id': 33, 'name': 'Sullust'}"
2023-07-11 14:22:14.829283,221,at-st,empire,90,73,61,72,"{'id': 14, 'name': 'Kashyyyk'}"
2023-07-11 14:22:14.829283,222,resistance_soldier,empire,59,12,87,91,"{'id': 54, 'name': 'Zolan'}"
2023-07-11 14:22:14.829283,223,tie_fighter,empire,39,13,22,35,"{'id': 34, 'name': 'Toydaria'}"
2023-07-11 14:22:14.829283,224,resistance_soldier,resistance,69,91,22,7,"{'id': 23, 'name': 'Rodia'}"
2023-07-11 14:22:14.829283,225,tie_fighter,resistance,71,92,37,19,"{'id': 21, 'name': 'Eriadu'}"
2023-07-11 14:22:14.829283,226,at-st,resistance,16,5,34,8,"{'id': 47, 'name': 'Iktotch'}"
2023-07-11 14:22:14.829283,227,stormtrooper,empire,87,17,56,65,"{'id': 36, 'name': 'Dathomir'}"
2023-07-11 14:22:14.829283,228,at-at,empire,96,44,1,59,"{'id': 46, 'name': 'Tholoth'}"
2023-07-11 14:22:14.829283,229,at-st,resistance,63,18,66,18,"{'id': 45, 'name': 'Iridonia'}"
2023-07-11 14:22:14.830285,230,at-at,empire,84,99,37,63,"{'id': 41, 'name': 'Tund'}"
2023-07-11 14:22:14.830285,231,tie_silencer,empire,62,93,39,87,"{'id': 31, 'name': 'Mon Cala'}"
2023-07-11 14:22:14.830285,232,tie_silencer,empire,77,63,49,39,"{'id': 47, 'name': 'Iktotch'}"
2023-07-11 14:22:14.830285,233,resistance_soldier,resistance,7,86,46,100,"{'id': 14, 'name': 'Kashyyyk'}"
2023-07-11 14:22:14.830285,234,tie_fighter,resistance,55,93,67,69,"{'id': 44, 'name': 'Glee Anselm'}"
2023-07-11 14:22:14.830285,235,resistance_soldier,empire,30,36,18,85,"{'id': 41, 'name': 'Tund'}"
2023-07-11 14:22:14.830285,236,x-wing,resistance,48,31,89,9,"{'id': 37, 'name': 'Ryloth'}"
2023-07-11 14:22:14.830285,237,tie_silencer,empire,37,77,98,82,"{'id': 47, 'name': 'Iktotch'}"
2023-07-11 14:22:14.830285,238,at-at,resistance,5,12,63,96,"{'id': 55, 'name': 'Ojom'}"
2023-07-11 14:22:14.830285,239,at-st,resistance,97,80,25,27,"{'id': 8, 'name': 'Naboo'}"
2023-07-11 14:22:14.830285,240,resistance_soldier,empire,48,32,40,30,"{'id': 56, 'name': 'Skako'}"
2023-07-11 14:22:14.830285,241,x-wing,resistance,12,66,42,50,"{'id': 52, 'name': 'Serenno'}"
2023-07-11 14:22:14.830285,242,resistance_soldier,empire,81,3,61,80,"{'id': 47, 'name': 'Iktotch'}"
2023-07-11 14:22:14.830285,243,at-at,empire,94,67,78,47,"{'id': 59, 'name': 'Kalee'}"
2023-07-11 14:22:14.830285,244,at-st,empire,56,97,86,36,"{'id': 36, 'name': 'Dathomir'}"
2023-07-11 14:22:14.830285,245,x-wing,empire,46,42,26,80,"{'id': 58, 'name': 'Shili'}"
2023-07-11 14:22:14.830285,246,x-wing,empire,14,53,57,57,"{'id': 58, 'name': 'Shili'}"
2023-07-11 14:22:14.830285,247,tie_fighter,empire,45,20,5,29,"{'id': 33, 'name': 'Sullust'}"
2023-07-11 14:22:14.830285,248,unknown,empire,93,89,96,82,"{'id': 41, 'name': 'Tund'}"
2023-07-11 14:22:14.830285,249,at-at,resistance,0,89,31,80,"{'id': 21, 'name': 'Eriadu'}"
2023-07-11 14:22:14.830285,250,at-at,empire,79,73,7,40,"{'id': 47, 'name': 'Iktotch'}"
2023-07-11 14:22:14.830285,251,at-st,empire,66,37,34,84,"{'id': 51, 'name': 'Mirial'}"
2023-07-11 14:22:14.830285,252,unknown,empire,93,59,11,58,"{'id': 32, 'name': 'Chandrila'}"
2023-07-11 14:22:14.830285,253,at-at,resistance,73,67,2,45,"{'id': 8, 'name': 'Naboo'}"
2023-07-11 14:22:14.830285,254,tie_silencer,resistance,71,64,89,72,"{'id': 47, 'name': 'Iktotch'}"
2023-07-11 14:22:14.830285,255,resistance_soldier,empire,63,43,11,43,"{'id': 55, 'name': 'Ojom'}"
2023-07-11 14:22:14.830285,256,x-wing,resistance,0,74,29,30,"{'id': 32, 'name': 'Chandrila'}"
2023-07-11 14:22:14.830285,257,resistance_soldier,empire,61,29,94,36,"{'id': 60, 'name': 'Umbara'}"
2023-07-11 14:22:14.830285,258,stormtrooper,resistance,57,26,63,8,"{'id': 55, 'name': 'Ojom'}"
2023-07-11 14:22:14.830285,259,tie_silencer,empire,32,42,99,37,"{'id': 34, 'name': 'Toydaria'}"
2023-07-11 14:22:14.831285,260,x-wing,resistance,45,84,51,22,"{'id': 47, 'name': 'Iktotch'}"
2023-07-11 14:22:14.831285,261,at-at,resistance,9,98,59,34,"{'id': 20, 'name': 'Stewjon'}"
2023-07-11 14:22:14.831285,262,at-at,empire,40,76,38,81,"{'id': 31, 'name': 'Mon Cala'}"
2023-07-11 14:22:14.831285,263,at-st,empire,15,83,23,56,"{'id': 35, 'name': 'Malastare'}"
2023-07-11 14:22:14.831285,264,tie_fighter,resistance,8,94,95,94,"{'id': 34, 'name': 'Toydaria'}"
2023-07-11 14:22:14.831285,265,tie_silencer,empire,23,40,79,4,"{'id': 57, 'name': 'Muunilinst'}"
2023-07-11 14:22:14.831285,266,tie_silencer,resistance,76,35,23,54,"{'id': 52, 'name': 'Serenno'}"
2023-07-11 14:22:14.831285,267,at-st,resistance,22,77,89,50,"{'id': 26, 'name': 'Bestine IV'}"
2023-07-11 14:22:14.831285,268,tie_silencer,empire,15,45,43,54,"{'id': 59, 'name': 'Kalee'}"
2023-07-11 14:22:14.831285,269,tie_fighter,empire,24,14,31,53,"{'id': 49, 'name': 'Dorin'}"
2023-07-11 14:22:14.831285,270,at-st,resistance,6,100,53,30,"{'id': 21, 'name': 'Eriadu'}"
2023-07-11 14:22:14.831285,271,tie_silencer,empire,23,88,23,79,"{'id': 40, 'name': 'Troiken'}"
2023-07-11 14:22:14.831285,272,at-at,resistance,62,30,50,64,"{'id': 41, 'name': 'Tund'}"
2023-07-11 14:22:14.831285,273,at-at,empire,59,21,54,71,"{'id': 50, 'name': 'Champala'}"
2023-07-11 14:22:14.831285,274,stormtrooper,resistance,70,66,44,54,"{'id': 28, 'name': 'Dagobah'}"
2023-07-11 14:22:14.831285,275,tie_silencer,resistance,7,37,97,87,"{'id': 51, 'name': 'Mirial'}"
2023-07-11 14:22:14.831285,276,at-at,resistance,77,52,35,0,"{'id': 45, 'name': 'Iridonia'}"
2023-07-11 14:22:14.831285,277,stormtrooper,resistance,37,31,63,25,"{'id': 20, 'name': 'Stewjon'}"
2023-07-11 14:22:14.831285,278,x-wing,resistance,11,14,59,77,"{'id': 26, 'name': 'Bestine IV'}"
2023-07-11 14:22:14.831285,279,unknown,empire,82,4,58,29,"{'id': 36, 'name': 'Dathomir'}"
2023-07-11 14:22:14.831285,280,tie_silencer,empire,82,61,38,63,"{'id': 46, 'name': 'Tholoth'}"
2023-07-11 14:22:14.831285,281,unknown,resistance,47,27,41,48,"{'id': 43, 'name': 'Cerea'}"
2023-07-11 14:22:14.831285,282,resistance_soldier,resistance,11,52,95,44,"{'id': 43, 'name': 'Cerea'}"
2023-07-11 14:22:14.831285,283,tie_silencer,resistance,78,28,92,12,"{'id': 49, 'name': 'Dorin'}"
2023-07-11 14:22:14.831285,284,unknown,empire,11,25,71,18,"{'id': 29, 'name': 'Trandosha'}"
2023-07-11 14:22:14.831285,285,at-at,empire,37,7,22,88,"{'id': 38, 'name': 'Aleen Minor'}"
2023-07-11 14:22:14.831285,286,at-st,resistance,50,59,83,85,"{'id': 38, 'name': 'Aleen Minor'}"
2023-07-11 14:22:14.831285,287,tie_silencer,empire,49,15,23,85,"{'id': 33, 'name': 'Sullust'}"
2023-07-11 14:22:14.831285,288,x-wing,resistance,53,74,23,39,"{'id': 33, 'name': 'Sullust'}"
2023-07-11 14:22:14.831285,289,x-wing,resistance,72,2,39,78,"{'id': 2, 'name': 'Alderaan'}"
2023-07-11 14:22:14.832284,290,x-wing,empire,57,9,58,74,"{'id': 38, 'name': 'Aleen Minor'}"
2023-07-11 14:22:14.832284,291,resistance_soldier,resistance,50,9,90,53,"{'id': 26, 'name': 'Bestine IV'}"
2023-07-11 14:22:14.832284,292,unknown,empire,63,17,2,41,"{'id': 35, 'name': 'Malastare'}"
2023-07-11 14:22:14.832284,293,stormtrooper,resistance,98,78,9,40,"{'id': 42, 'name': 'Haruun Kal'}"
2023-07-11 14:22:14.832284,294,x-wing,resistance,51,82,2,98,"{'id': 50, 'name': 'Champala'}"
2023-07-11 14:22:14.832284,295,x-wing,resistance,99,28,48,52,"{'id': 58, 'name': 'Shili'}"
2023-07-11 14:22:14.832284,296,at-st,resistance,15,25,31,37,"{'id': 41, 'name': 'Tund'}"
2023-07-11 14:22:14.832284,297,stormtrooper,empire,14,61,51,6,"{'id': 43, 'name': 'Cerea'}"
2023-07-11 14:22:14.832284,298,at-st,resistance,66,85,14,26,"{'id': 45, 'name': 'Iridonia'}"
2023-07-11 14:22:14.832284,299,stormtrooper,resistance,47,29,13,45,"{'id': 20, 'name': 'Stewjon'}"
2023-07-11 14:22:14.832284,300,at-st,empire,82,89,84,80,"{'id': 46, 'name': 'Tholoth'}"
2023-07-11 14:22:14.832284,301,resistance_soldier,empire,6,96,58,2,"{'id': 33, 'name': 'Sullust'}"
2023-07-11 14:22:14.832284,302,unknown,empire,36,14,75,30,"{'id': 38, 'name': 'Aleen Minor'}"
2023-07-11 14:22:14.832284,303,stormtrooper,resistance,1,77,37,24,"{'id': 32, 'name': 'Chandrila'}"
2023-07-11 14:22:14.832284,304,at-at,empire,39,1,63,91,"{'id': 52, 'name': 'Serenno'}"
2023-07-11 14:22:14.832284,305,stormtrooper,resistance,33,51,89,7,"{'id': 8, 'name': 'Naboo'}"
2023-07-11 14:22:14.832284,306,resistance_soldier,resistance,30,29,40,81,"{'id': 28, 'name': 'Dagobah'}"
2023-07-11 14:22:14.832284,307,at-at,resistance,65,85,20,60,"{'id': 48, 'name': 'Quermia'}"
2023-07-11 14:22:14.832284,308,unknown,resistance,66,80,6,0,"{'id': 23, 'name': 'Rodia'}"
2023-07-11 14:22:14.832284,309,stormtrooper,resistance,37,12,49,86,"{'id': 35, 'name': 'Malastare'}"
2023-07-11 14:22:14.832284,310,unknown,resistance,94,70,41,50,"{'id': 43, 'name': 'Cerea'}"
2023-07-11 14:22:14.832284,311,tie_silencer,empire,94,15,90,50,"{'id': 23, 'name': 'Rodia'}"
2023-07-11 14:22:14.832284,312,at-at,resistance,46,2,23,62,"{'id': 49, 'name': 'Dorin'}"
2023-07-11 14:22:14.832284,313,resistance_soldier,empire,85,20,79,31,"{'id': 50, 'name': 'Champala'}"
2023-07-11 14:22:14.832284,314,at-at,resistance,96,94,24,28,"{'id': 52, 'name': 'Serenno'}"
2023-07-11 14:22:14.832284,315,at-st,empire,95,2,12,26,"{'id': 48, 'name': 'Quermia'}"
2023-07-11 14:22:14.832284,316,tie_silencer,resistance,26,75,56,91,"{'id': 49, 'name': 'Dorin'}"
2023-07-11 14:22:14.832284,317,stormtrooper,empire,78,36,4,68,"{'id': 21, 'name': 'Eriadu'}"
2023-07-11 14:22:14.832284,318,x-wing,resistance,88,17,35,23,"{'id': 56, 'name': 'Skako'}"
2023-07-11 14:22:14.832284,319,unknown,resistance,18,24,25,44,"{'id': 41, 'name': 'Tund'}"
2023-07-11 14:22:14.832284,320,at-st,resistance,54,87,22,85,"{'id': 20, 'name': 'Stewjon'}"
2023-07-11 14:22:14.833285,321,stormtrooper,resistance,33,43,73,57,"{'id': 40, 'name': 'Troiken'}"
2023-07-11 14:22:14.833285,322,tie_fighter,resistance,97,12,33,54,"{'id': 28, 'name': 'Dagobah'}"
2023-07-11 14:22:14.833285,323,at-at,empire,79,25,46,83,"{'id': 38, 'name': 'Aleen Minor'}"
2023-07-11 14:22:14.833285,324,at-st,resistance,64,69,9,43,"{'id': 48, 'name': 'Quermia'}"
2023-07-11 14:22:14.833285,325,at-st,empire,14,51,69,78,"{'id': 46, 'name': 'Tholoth'}"
2023-07-11 14:22:14.833285,326,tie_fighter,empire,2,92,99,95,"{'id': 32, 'name': 'Chandrila'}"
2023-07-11 14:22:14.833285,327,at-at,empire,92,10,10,46,"{'id': 28, 'name': 'Dagobah'}"
2023-07-11 14:22:14.833285,328,at-at,empire,39,10,8,7,"{'id': 49, 'name': 'Dorin'}"
2023-07-11 14:22:14.833285,329,resistance_soldier,resistance,66,68,49,83,"{'id': 30, 'name': 'Socorro'}"
2023-07-11 14:22:14.833285,330,at-at,resistance,89,47,56,51,"{'id': 60, 'name': 'Umbara'}"
2023-07-11 14:22:14.833285,331,at-at,resistance,2,17,14,56,"{'id': 33, 'name': 'Sullust'}"
2023-07-11 14:22:14.833285,332,at-st,empire,70,63,4,23,"{'id': 20, 'name': 'Stewjon'}"
2023-07-11 14:22:14.833285,333,unknown,empire,44,35,90,89,"{'id': 23, 'name': 'Rodia'}"
2023-07-11 14:22:14.833285,334,tie_fighter,empire,68,65,64,28,"{'id': 51, 'name': 'Mirial'}"
2023-07-11 14:22:14.833285,335,unknown,resistance,88,12,37,4,"{'id': 8, 'name': 'Naboo'}"
2023-07-11 14:22:14.833285,336,unknown,empire,62,12,16,23,"{'id': 22, 'name': 'Corellia'}"
2023-07-11 14:22:14.833285,337,at-at,empire,38,89,84,17,"{'id': 22, 'name': 'Corellia'}"
2023-07-11 14:22:14.833285,338,tie_fighter,empire,64,13,80,67,"{'id': 33, 'name': 'Sullust'}"
2023-07-11 14:22:14.833285,339,at-st,empire,69,13,27,82,"{'id': 8, 'name': 'Naboo'}"
2023-07-11 14:22:14.833285,340,resistance_soldier,resistance,42,16,92,1,"{'id': 38, 'name': 'Aleen Minor'}"
2023-07-11 14:22:14.833285,341,at-at,empire,60,22,89,46,"{'id': 56, 'name': 'Skako'}"
2023-07-11 14:22:14.833285,342,unknown,resistance,80,43,23,11,"{'id': 1, 'name': 'Tatooine'}"
2023-07-11 14:22:14.833285,343,at-st,empire,40,96,31,68,"{'id': 8, 'name': 'Naboo'}"
2023-07-11 14:22:14.833285,344,x-wing,resistance,75,20,14,63,"{'id': 20, 'name': 'Stewjon'}"
2023-07-11 14:22:14.833285,345,x-wing,resistance,36,39,81,100,"{'id': 29, 'name': 'Trandosha'}"
2023-07-11 14:22:14.833285,346,at-st,resistance,15,32,27,82,"{'id': 52, 'name': 'Serenno'}"
2023-07-11 14:22:14.833285,347,at-at,resistance,57,49,19,68,"{'id': 26, 'name': 'Bestine IV'}"
2023-07-11 14:22:14.833285,348,unknown,resistance,3,24,12,68,"{'id': 58, 'name': 'Shili'}"
2023-07-11 14:22:14.833285,349,stormtrooper,resistance,90,92,92,98,"{'id': 30, 'name': 'Socorro'}"
2023-07-11 14:22:14.834284,350,at-st,empire,42,47,27,49,"{'id': 57, 'name': 'Muunilinst'}"
2023-07-11 14:22:14.834284,351,x-wing,empire,46,50,67,64,"{'id': 43, 'name': 'Cerea'}"
2023-07-11 14:22:14.834284,352,tie_silencer,empire,70,36,72,96,"{'id': 57, 'name': 'Muunilinst'}"
2023-07-11 14:22:14.834284,353,at-st,empire,30,99,95,68,"{'id': 22, 'name': 'Corellia'}"
2023-07-11 14:22:14.834284,354,unknown,empire,94,65,80,14,"{'id': 30, 'name': 'Socorro'}"
2023-07-11 14:22:14.834284,355,tie_silencer,resistance,49,27,33,58,"{'id': 31, 'name': 'Mon Cala'}"
2023-07-11 14:22:14.834284,356,stormtrooper,resistance,30,1,51,58,"{'id': 38, 'name': 'Aleen Minor'}"
2023-07-11 14:22:14.834284,357,unknown,resistance,8,9,77,10,"{'id': 44, 'name': 'Glee Anselm'}"
2023-07-11 14:22:14.834284,358,x-wing,empire,96,98,3,82,"{'id': 52, 'name': 'Serenno'}"
2023-07-11 14:22:14.834284,359,at-at,resistance,6,83,44,63,"{'id': 48, 'name': 'Quermia'}"
2023-07-11 14:22:14.834284,360,unknown,resistance,44,71,86,43,"{'id': 40, 'name': 'Troiken'}"
2023-07-11 14:22:14.834284,361,resistance_soldier,empire,12,85,83,4,"{'id': 54, 'name': 'Zolan'}"
2023-07-11 14:22:14.834284,362,tie_fighter,resistance,96,44,22,54,"{'id': 58, 'name': 'Shili'}"
2023-07-11 14:22:14.834284,363,unknown,resistance,53,42,18,31,"{'id': 32, 'name': 'Chandrila'}"
2023-07-11 14:22:14.834284,364,at-at,resistance,72,68,45,0,"{'id': 53, 'name': 'Concord Dawn'}"
2023-07-11 14:22:14.834284,365,resistance_soldier,empire,90,25,19,55,"{'id': 40, 'name': 'Troiken'}"
2023-07-11 14:22:14.834284,366,x-wing,resistance,91,20,63,40,"{'id': 28, 'name': 'Dagobah'}"
2023-07-11 14:22:14.834284,367,at-st,empire,25,0,56,82,"{'id': 30, 'name': 'Socorro'}"
2023-07-11 14:22:14.834284,368,stormtrooper,empire,82,20,9,72,"{'id': 28, 'name': 'Dagobah'}"
2023-07-11 14:22:14.834284,369,tie_silencer,resistance,71,15,100,98,"{'id': 57, 'name': 'Muunilinst'}"
2023-07-11 14:22:14.834284,370,tie_fighter,resistance,43,8,95,15,"{'id': 59, 'name': 'Kalee'}"
2023-07-11 14:22:14.834284,371,resistance_soldier,resistance,80,39,46,55,"{'id': 48, 'name': 'Quermia'}"
2023-07-11 14:22:14.834284,372,tie_fighter,empire,7,53,20,37,"{'id': 47, 'name': 'Iktotch'}"
2023-07-11 14:22:14.834284,373,tie_fighter,resistance,92,86,12,86,"{'id': 45, 'name': 'Iridonia'}"
2023-07-11 14:22:14.834284,374,at-st,empire,62,66,68,19,"{'id': 39, 'name': 'Vulpter'}"
2023-07-11 14:22:14.834284,375,stormtrooper,resistance,51,18,55,62,"{'id': 20, 'name': 'Stewjon'}"
2023-07-11 14:22:14.834284,376,stormtrooper,resistance,35,13,78,83,"{'id': 39, 'name': 'Vulpter'}"
2023-07-11 14:22:14.834284,377,tie_silencer,empire,42,32,24,62,"{'id': 48, 'name': 'Quermia'}"
2023-07-11 14:22:14.834284,378,at-at,empire,42,51,41,9,"{'id': 49, 'name': 'Dorin'}"
2023-07-11 14:22:14.835285,379,at-st,resistance,88,79,37,85,"{'id': 2, 'name': 'Alderaan'}"
2023-07-11 14:22:14.835285,380,unknown,resistance,63,49,7,60,"{'id': 34, 'name': 'Toydaria'}"
2023-07-11 14:22:14.835285,381,at-st,resistance,76,87,85,57,"{'id': 40, 'name': 'Troiken'}"
2023-07-11 14:22:14.835285,382,stormtrooper,empire,52,70,42,94,"{'id': 49, 'name': 'Dorin'}"
2023-07-11 14:22:14.835285,383,resistance_soldier,resistance,74,0,58,97,"{'id': 54, 'name': 'Zolan'}"
2023-07-11 14:22:14.835285,384,tie_silencer,resistance,95,9,59,35,"{'id': 37, 'name': 'Ryloth'}"
2023-07-11 14:22:14.835285,385,resistance_soldier,empire,76,66,58,78,"{'id': 20, 'name': 'Stewjon'}"
2023-07-11 14:22:14.835285,386,at-at,empire,51,67,90,44,"{'id': 47, 'name': 'Iktotch'}"
2023-07-11 14:22:14.835285,387,tie_fighter,empire,81,31,87,41,"{'id': 58, 'name': 'Shili'}"
2023-07-11 14:22:14.835285,388,stormtrooper,resistance,42,5,77,15,"{'id': 43, 'name': 'Cerea'}"
2023-07-11 14:22:14.835285,389,at-st,empire,87,89,18,26,"{'id': 59, 'name': 'Kalee'}"
2023-07-11 14:22:14.835285,390,at-st,resistance,71,62,85,42,"{'id': 22, 'name': 'Corellia'}"
2023-07-11 14:22:14.835285,391,at-st,empire,74,26,21,24,"{'id': 35, 'name': 'Malastare'}"
2023-07-11 14:22:14.835285,392,x-wing,empire,0,50,29,29,"{'id': 43, 'name': 'Cerea'}"
2023-07-11 14:22:14.835285,393,at-at,resistance,54,14,92,98,"{'id': 48, 'name': 'Quermia'}"
2023-07-11 14:22:14.835285,394,stormtrooper,empire,51,20,47,62,"{'id': 58, 'name': 'Shili'}"
2023-07-11 14:22:14.835285,395,stormtrooper,empire,49,83,39,70,"{'id': 23, 'name': 'Rodia'}"
2023-07-11 14:22:14.835285,396,stormtrooper,resistance,18,46,93,9,"{'id': 55, 'name': 'Ojom'}"
2023-07-11 14:22:14.835285,397,tie_silencer,resistance,66,97,16,17,"{'id': 2, 'name': 'Alderaan'}"
2023-07-11 14:22:14.835285,398,resistance_soldier,resistance,10,81,70,29,"{'id': 50, 'name': 'Champala'}"
2023-07-11 14:22:14.835285,399,at-st,empire,88,58,76,53,"{'id': 35, 'name': 'Malastare'}"
2023-07-11 14:22:14.835285,400,at-at,resistance,50,31,32,1,"{'id': 47, 'name': 'Iktotch'}"
2023-07-11 14:22:14.835285,401,resistance_soldier,empire,52,47,37,94,"{'id': 30, 'name': 'Socorro'}"
2023-07-11 14:22:14.835285,402,at-st,empire,85,77,56,78,"{'id': 32, 'name': 'Chandrila'}"
2023-07-11 14:22:14.835285,403,tie_fighter,resistance,92,19,65,26,"{'id': 34, 'name': 'Toydaria'}"
2023-07-11 14:22:14.835285,404,tie_silencer,empire,93,67,3,4,"{'id': 47, 'name': 'Iktotch'}"
2023-07-11 14:22:14.835285,405,at-at,empire,17,39,47,58,"{'id': 51, 'name': 'Mirial'}"
2023-07-11 14:22:14.835285,406,unknown,resistance,64,44,26,60,"{'id': 37, 'name': 'Ryloth'}"
2023-07-11 14:22:14.835285,407,tie_silencer,resistance,69,75,69,61,"{'id': 26, 'name': 'Bestine IV'}"
2023-07-11 14:22:14.836284,408,stormtrooper,resistance,88,92,18,43,"{'id': 58, 'name': 'Shili'}"
2023-07-11 14:22:14.836284,409,unknown,empire,12,35,89,78,"{'id': 38, 'name': 'Aleen Minor'}"
2023-07-11 14:22:14.836284,410,resistance_soldier,empire,9,36,16,3,"{'id': 54, 'name': 'Zolan'}"
2023-07-11 14:22:14.836284,411,tie_silencer,empire,63,22,83,41,"{'id': 47, 'name': 'Iktotch'}"
2023-07-11 14:22:14.836284,412,stormtrooper,resistance,22,15,50,88,"{'id': 38, 'name': 'Aleen Minor'}"
2023-07-11 14:22:14.836284,413,x-wing,resistance,40,30,97,78,"{'id': 46, 'name': 'Tholoth'}"
2023-07-11 14:22:14.836284,414,at-st,empire,74,0,70,19,"{'id': 60, 'name': 'Umbara'}"
2023-07-11 14:22:14.836284,415,at-st,empire,10,83,94,5,"{'id': 48, 'name': 'Quermia'}"
2023-07-11 14:22:14.836284,416,resistance_soldier,empire,86,83,96,17,"{'id': 14, 'name': 'Kashyyyk'}"
2023-07-11 14:22:14.836284,417,tie_fighter,resistance,96,70,72,35,"{'id': 52, 'name': 'Serenno'}"
2023-07-11 14:22:14.836284,418,tie_silencer,empire,93,23,71,31,"{'id': 39, 'name': 'Vulpter'}"
2023-07-11 14:22:14.836284,419,at-at,resistance,10,66,96,10,"{'id': 51, 'name': 'Mirial'}"
2023-07-11 14:22:14.836284,420,tie_silencer,resistance,77,70,54,83,"{'id': 31, 'name': 'Mon Cala'}"
2023-07-11 14:22:14.836284,421,at-at,empire,29,90,83,51,"{'id': 39, 'name': 'Vulpter'}"
2023-07-11 14:22:14.836284,422,stormtrooper,resistance,48,13,68,75,"{'id': 23, 'name': 'Rodia'}"
2023-07-11 14:22:14.836284,423,tie_fighter,empire,92,37,76,0,"{'id': 41, 'name': 'Tund'}"
2023-07-11 14:22:14.836284,424,tie_silencer,resistance,49,79,88,46,"{'id': 60, 'name': 'Umbara'}"
2023-07-11 14:22:14.836284,425,at-at,empire,44,72,25,21,"{'id': 21, 'name': 'Eriadu'}"
2023-07-11 14:22:14.836284,426,x-wing,resistance,9,9,90,56,"{'id': 60, 'name': 'Umbara'}"
2023-07-11 14:22:14.836284,427,tie_fighter,empire,16,0,40,89,"{'id': 29, 'name': 'Trandosha'}"
2023-07-11 14:22:14.836284,428,tie_silencer,resistance,21,56,47,14,"{'id': 26, 'name': 'Bestine IV'}"
2023-07-11 14:22:14.836284,429,stormtrooper,resistance,96,57,11,67,"{'id': 49, 'name': 'Dorin'}"
2023-07-11 14:22:14.836284,430,resistance_soldier,resistance,94,69,55,82,"{'id': 23, 'name': 'Rodia'}"
2023-07-11 14:22:14.836284,431,tie_fighter,resistance,31,69,68,71,"{'id': 56, 'name': 'Skako'}"
2023-07-11 14:22:14.836284,432,tie_silencer,empire,35,67,50,92,"{'id': 52, 'name': 'Serenno'}"
2023-07-11 14:22:14.836284,433,unknown,empire,25,34,3,89,"{'id': 55, 'name': 'Ojom'}"
2023-07-11 14:22:14.836284,434,unknown,resistance,1,59,28,43,"{'id': 60, 'name': 'Umbara'}"
2023-07-11 14:22:14.836284,435,tie_silencer,empire,61,33,38,8,"{'id': 33, 'name': 'Sullust'}"
2023-07-11 14:22:14.836284,436,at-at,resistance,92,39,87,10,"{'id': 60, 'name': 'Umbara'}"
2023-07-11 14:22:14.836284,437,at-at,resistance,17,52,28,8,"{'id': 60, 'name': 'Umbara'}"
2023-07-11 14:22:14.837284,438,stormtrooper,resistance,29,14,59,13,"{'id': 20, 'name': 'Stewjon'}"
2023-07-11 14:22:14.837284,439,at-st,resistance,7,42,43,47,"{'id': 1, 'name': 'Tatooine'}"
2023-07-11 14:22:14.837284,440,tie_fighter,resistance,38,88,87,81,"{'id': 55, 'name': 'Ojom'}"
2023-07-11 14:22:14.837284,441,stormtrooper,resistance,71,62,53,86,"{'id': 57, 'name': 'Muunilinst'}"
2023-07-11 14:22:14.837284,442,unknown,empire,51,76,28,82,"{'id': 35, 'name': 'Malastare'}"
2023-07-11 14:22:14.837284,443,tie_fighter,empire,6,26,44,53,"{'id': 49, 'name': 'Dorin'}"
2023-07-11 14:22:14.837284,444,tie_fighter,empire,21,48,23,17,"{'id': 47, 'name': 'Iktotch'}"
2023-07-11 14:22:14.837284,445,at-st,empire,70,53,54,17,"{'id': 28, 'name': 'Dagobah'}"
2023-07-11 14:22:14.837284,446,at-st,resistance,45,56,58,60,"{'id': 32, 'name': 'Chandrila'}"
2023-07-11 14:22:14.837284,447,tie_silencer,empire,59,100,65,58,"{'id': 43, 'name': 'Cerea'}"
2023-07-11 14:22:14.837284,448,at-at,resistance,72,71,36,17,"{'id': 34, 'name': 'Toydaria'}"
2023-07-11 14:22:14.837284,449,x-wing,resistance,85,2,97,35,"{'id': 28, 'name': 'Dagobah'}"
2023-07-11 14:22:14.837284,450,tie_silencer,resistance,78,69,75,79,"{'id': 43, 'name': 'Cerea'}"
2023-07-11 14:22:14.837284,451,tie_fighter,resistance,62,63,65,36,"{'id': 50, 'name': 'Champala'}"
2023-07-11 14:22:14.837284,452,unknown,empire,84,48,75,98,"{'id': 2, 'name': 'Alderaan'}"
2023-07-11 14:22:14.837284,453,x-wing,empire,29,91,97,9,"{'id': 32, 'name': 'Chandrila'}"
2023-07-11 14:22:14.837284,454,at-at,empire,39,56,79,10,"{'id': 36, 'name': 'Dathomir'}"
2023-07-11 14:22:14.837284,455,unknown,resistance,46,62,43,3,"{'id': 46, 'name': 'Tholoth'}"
2023-07-11 14:22:14.837284,456,tie_silencer,resistance,67,22,42,82,"{'id': 48, 'name': 'Quermia'}"
2023-07-11 14:22:14.837284,457,resistance_soldier,resistance,55,99,37,39,"{'id': 14, 'name': 'Kashyyyk'}"
2023-07-11 14:22:14.837284,458,tie_fighter,empire,55,36,89,19,"{'id': 55, 'name': 'Ojom'}"
2023-07-11 14:22:14.837284,459,x-wing,resistance,85,35,46,61,"{'id': 53, 'name': 'Concord Dawn'}"
2023-07-11 14:22:14.837284,460,at-at,empire,61,67,66,84,"{'id': 32, 'name': 'Chandrila'}"
2023-07-11 14:22:14.837284,461,stormtrooper,empire,94,66,88,36,"{'id': 1, 'name': 'Tatooine'}"
2023-07-11 14:22:14.837284,462,tie_fighter,empire,29,0,77,30,"{'id': 49, 'name': 'Dorin'}"
2023-07-11 14:22:14.837284,463,x-wing,empire,98,81,6,3,"{'id': 23, 'name': 'Rodia'}"
2023-07-11 14:22:14.837284,464,resistance_soldier,resistance,32,34,36,81,"{'id': 34, 'name': 'Toydaria'}"
2023-07-11 14:22:14.837284,465,at-st,resistance,61,75,23,32,"{'id': 36, 'name': 'Dathomir'}"
2023-07-11 14:22:14.837284,466,tie_fighter,resistance,27,76,65,35,"{'id': 8, 'name': 'Naboo'}"
2023-07-11 14:22:14.837284,467,tie_silencer,resistance,42,98,74,35,"{'id': 43, 'name': 'Cerea'}"
2023-07-11 14:22:14.838286,468,unknown,resistance,6,71,84,59,"{'id': 57, 'name': 'Muunilinst'}"
2023-07-11 14:22:14.838286,469,tie_silencer,empire,31,100,83,34,"{'id': 58, 'name': 'Shili'}"
2023-07-11 14:22:14.838286,470,tie_silencer,resistance,86,2,57,17,"{'id': 44, 'name': 'Glee Anselm'}"
2023-07-11 14:22:14.838286,471,resistance_soldier,resistance,53,74,66,31,"{'id': 8, 'name': 'Naboo'}"
2023-07-11 14:22:14.838286,472,unknown,resistance,86,49,76,69,"{'id': 43, 'name': 'Cerea'}"
2023-07-11 14:22:14.838286,473,tie_fighter,empire,41,49,46,37,"{'id': 52, 'name': 'Serenno'}"
2023-07-11 14:22:14.838286,474,x-wing,resistance,33,34,86,11,"{'id': 28, 'name': 'Dagobah'}"
2023-07-11 14:22:14.838286,475,tie_fighter,empire,25,95,76,45,"{'id': 53, 'name': 'Concord Dawn'}"
2023-07-11 14:22:14.838286,476,at-st,resistance,84,23,25,79,"{'id': 26, 'name': 'Bestine IV'}"
2023-07-11 14:22:14.838286,477,at-st,empire,16,69,86,28,"{'id': 48, 'name': 'Quermia'}"
2023-07-11 14:22:14.838286,478,x-wing,resistance,41,92,77,81,"{'id': 52, 'name': 'Serenno'}"
2023-07-11 14:22:14.838286,479,x-wing,empire,41,13,97,33,"{'id': 46, 'name': 'Tholoth'}"
2023-07-11 14:22:14.838286,480,tie_silencer,resistance,99,40,0,5,"{'id': 58, 'name': 'Shili'}"
2023-07-11 14:22:14.838286,481,tie_fighter,empire,95,3,14,91,"{'id': 42, 'name': 'Haruun Kal'}"
2023-07-11 14:22:14.838286,482,unknown,empire,77,93,76,40,"{'id': 48, 'name': 'Quermia'}"
2023-07-11 14:22:14.838286,483,resistance_soldier,empire,76,12,89,69,"{'id': 46, 'name': 'Tholoth'}"
2023-07-11 14:22:14.838286,484,tie_silencer,empire,77,23,2,20,"{'id': 43, 'name': 'Cerea'}"
2023-07-11 14:22:14.838286,485,stormtrooper,resistance,93,48,53,39,"{'id': 38, 'name': 'Aleen Minor'}"
2023-07-11 14:22:14.838286,486,resistance_soldier,empire,34,27,65,72,"{'id': 29, 'name': 'Trandosha'}"
2023-07-11 14:22:14.838286,487,at-at,empire,79,50,54,92,"{'id': 34, 'name': 'Toydaria'}"
2023-07-11 14:22:14.838286,488,stormtrooper,resistance,26,79,95,39,"{'id': 20, 'name': 'Stewjon'}"
2023-07-11 14:22:14.838286,489,resistance_soldier,resistance,62,82,11,67,"{'id': 56, 'name': 'Skako'}"
2023-07-11 14:22:14.838286,490,at-st,resistance,68,93,94,3,"{'id': 56, 'name': 'Skako'}"
2023-07-11 14:22:14.838286,491,tie_silencer,empire,86,37,33,41,"{'id': 2, 'name': 'Alderaan'}"
2023-07-11 14:22:14.838286,492,tie_fighter,empire,91,95,6,89,"{'id': 48, 'name': 'Quermia'}"
2023-07-11 14:22:14.838286,493,tie_silencer,resistance,62,93,95,89,"{'id': 44, 'name': 'Glee Anselm'}"
2023-07-11 14:22:14.838286,494,x-wing,empire,39,65,80,30,"{'id': 20, 'name': 'Stewjon'}"
2023-07-11 14:22:14.839286,495,at-at,resistance,72,40,21,65,"{'id': 59, 'name': 'Kalee'}"
2023-07-11 14:22:14.839286,496,tie_silencer,resistance,16,32,16,40,"{'id': 43, 'name': 'Cerea'}"
2023-07-11 14:22:14.839286,497,tie_silencer,empire,95,65,24,47,"{'id': 49, 'name': 'Dorin'}"
2023-07-11 14:22:14.839286,498,x-wing,empire,30,81,30,78,"{'id': 14, 'name': 'Kashyyyk'}"
2023-07-11 14:22:14.839286,499,at-st,resistance,78,56,3,31,"{'id': 30, 'name': 'Socorro'}"
2023-07-11 14:22:14.839286,500,tie_fighter,resistance,30,12,8,95,"{'id': 60, 'name': 'Umbara'}"
2023-07-11 14:22:14.839286,501,resistance_soldier,empire,81,80,56,17,"{'id': 53, 'name': 'Concord Dawn'}"
2023-07-11 14:22:14.839286,502,resistance_soldier,empire,65,45,54,83,"{'id': 49, 'name': 'Dorin'}"
2023-07-11 14:22:14.839286,503,x-wing,resistance,2,47,96,82,"{'id': 50, 'name': 'Champala'}"
2023-07-11 14:22:14.839286,504,x-wing,resistance,15,75,82,61,"{'id': 54, 'name': 'Zolan'}"
2023-07-11 14:22:14.839286,505,at-at,resistance,4,35,88,38,"{'id': 56, 'name': 'Skako'}"
2023-07-11 14:22:14.839286,506,x-wing,resistance,76,96,18,75,"{'id': 60, 'name': 'Umbara'}"
2023-07-11 14:22:14.839286,507,x-wing,resistance,72,51,85,24,"{'id': 39, 'name': 'Vulpter'}"
2023-07-11 14:22:14.839286,508,stormtrooper,resistance,56,42,10,18,"{'id': 14, 'name': 'Kashyyyk'}"
2023-07-11 14:22:14.839286,509,resistance_soldier,resistance,26,85,39,5,"{'id': 51, 'name': 'Mirial'}"
2023-07-11 14:22:14.839286,510,tie_silencer,resistance,0,3,69,23,"{'id': 22, 'name': 'Corellia'}"
2023-07-11 14:22:14.839286,511,tie_silencer,resistance,66,99,32,6,"{'id': 57, 'name': 'Muunilinst'}"
2023-07-11 14:22:14.839286,512,x-wing,resistance,82,20,10,17,"{'id': 52, 'name': 'Serenno'}"
2023-07-11 14:22:14.839286,513,tie_fighter,empire,59,83,70,91,"{'id': 57, 'name': 'Muunilinst'}"
2023-07-11 14:22:14.839286,514,stormtrooper,empire,47,20,34,38,"{'id': 48, 'name': 'Quermia'}"
2023-07-11 14:22:14.839286,515,tie_fighter,resistance,90,92,48,40,"{'id': 45, 'name': 'Iridonia'}"
2023-07-11 14:22:14.839286,516,unknown,resistance,88,95,17,31,"{'id': 23, 'name': 'Rodia'}"
2023-07-11 14:22:14.840713,517,tie_silencer,resistance,70,71,67,46,"{'id': 29, 'name': 'Trandosha'}"
2023-07-11 14:22:14.840713,518,unknown,empire,18,62,30,1,"{'id': 35, 'name': 'Malastare'}"
2023-07-11 14:22:14.840713,519,unknown,empire,52,60,8,56,"{'id': 57, 'name': 'Muunilinst'}"
2023-07-11 14:22:14.840713,520,stormtrooper,resistance,50,26,99,50,"{'id': 42, 'name': 'Haruun Kal'}"
2023-07-11 14:22:14.840713,521,unknown,empire,34,92,77,29,"{'id': 48, 'name': 'Quermia'}"
2023-07-11 14:22:14.840713,522,stormtrooper,empire,23,89,15,44,"{'id': 8, 'name': 'Naboo'}"
2023-07-11 14:22:14.840713,523,at-st,empire,14,8,67,24,"{'id': 28, 'name': 'Dagobah'}"
2023-07-11 14:22:14.840713,524,tie_fighter,resistance,41,39,94,75,"{'id': 21, 'name': 'Eriadu'}"
2023-07-11 14:22:14.840713,525,tie_silencer,resistance,20,30,1,52,"{'id': 26, 'name': 'Bestine IV'}"
2023-07-11 14:22:14.840713,526,resistance_soldier,resistance,61,53,1,72,"{'id': 23, 'name': 'Rodia'}"
2023-07-11 14:22:14.840713,527,at-at,resistance,14,98,17,14,"{'id': 45, 'name': 'Iridonia'}"
2023-07-11 14:22:14.840713,528,tie_silencer,resistance,72,42,85,38,"{'id': 48, 'name': 'Quermia'}"
2023-07-11 14:22:14.840713,529,at-st,resistance,76,99,42,98,"{'id': 38, 'name': 'Aleen Minor'}"
2023-07-11 14:22:14.840713,530,tie_silencer,resistance,30,46,25,57,"{'id': 48, 'name': 'Quermia'}"
2023-07-11 14:22:14.840713,531,stormtrooper,empire,99,61,46,21,"{'id': 8, 'name': 'Naboo'}"
2023-07-11 14:22:14.841284,532,tie_silencer,empire,15,56,45,18,"{'id': 22, 'name': 'Corellia'}"
2023-07-11 14:22:14.841284,533,tie_fighter,resistance,72,28,47,98,"{'id': 43, 'name': 'Cerea'}"
2023-07-11 14:22:14.841284,534,tie_fighter,resistance,82,50,20,80,"{'id': 47, 'name': 'Iktotch'}"
2023-07-11 14:22:14.841284,535,x-wing,empire,27,68,72,59,"{'id': 26, 'name': 'Bestine IV'}"
2023-07-11 14:22:14.841284,536,at-at,resistance,67,76,99,84,"{'id': 38, 'name': 'Aleen Minor'}"
2023-07-11 14:22:14.841284,537,resistance_soldier,resistance,26,3,64,72,"{'id': 21, 'name': 'Eriadu'}"
2023-07-11 14:22:14.841284,538,at-st,empire,7,17,10,63,"{'id': 60, 'name': 'Umbara'}"
2023-07-11 14:22:14.841284,539,unknown,resistance,85,31,38,74,"{'id': 2, 'name': 'Alderaan'}"
2023-07-11 14:22:14.841284,540,stormtrooper,resistance,30,55,53,37,"{'id': 48, 'name': 'Quermia'}"
2023-07-11 14:22:14.841284,541,resistance_soldier,empire,45,71,97,94,"{'id': 31, 'name': 'Mon Cala'}"
2023-07-11 14:22:14.841284,542,at-st,resistance,42,15,19,91,"{'id': 58, 'name': 'Shili'}"
2023-07-11 14:22:14.841284,543,resistance_soldier,empire,54,23,36,66,"{'id': 55, 'name': 'Ojom'}"
2023-07-11 14:22:14.841284,544,tie_fighter,empire,94,66,74,97,"{'id': 2, 'name': 'Alderaan'}"
2023-07-11 14:22:14.841284,545,resistance_soldier,empire,43,87,61,36,"{'id': 37, 'name': 'Ryloth'}"
2023-07-11 14:22:14.841284,546,tie_fighter,resistance,16,16,66,48,"{'id': 56, 'name': 'Skako'}"
2023-07-11 14:22:14.841284,547,tie_fighter,resistance,91,98,31,27,"{'id': 30, 'name': 'Socorro'}"
2023-07-11 14:22:14.841284,548,at-st,resistance,27,37,5,47,"{'id': 53, 'name': 'Concord Dawn'}"
2023-07-11 14:22:14.841284,549,at-st,resistance,8,99,31,44,"{'id': 34, 'name': 'Toydaria'}"
2023-07-11 14:22:14.841284,550,resistance_soldier,resistance,86,5,60,58,"{'id': 29, 'name': 'Trandosha'}"
2023-07-11 14:22:14.841284,551,x-wing,resistance,3,63,31,88,"{'id': 56, 'name': 'Skako'}"
2023-07-11 14:22:14.841284,552,unknown,resistance,83,54,70,40,"{'id': 33, 'name': 'Sullust'}"
2023-07-11 14:22:14.841284,553,resistance_soldier,empire,95,12,35,65,"{'id': 1, 'name': 'Tatooine'}"
2023-07-11 14:22:14.841284,554,unknown,resistance,19,24,45,82,"{'id': 59, 'name': 'Kalee'}"
2023-07-11 14:22:14.841284,555,stormtrooper,resistance,82,44,87,0,"{'id': 23, 'name': 'Rodia'}"
2023-07-11 14:22:14.841284,556,x-wing,empire,53,53,14,85,"{'id': 58, 'name': 'Shili'}"
2023-07-11 14:22:14.841284,557,at-at,resistance,71,41,86,73,"{'id': 37, 'name': 'Ryloth'}"
2023-07-11 14:22:14.841284,558,resistance_soldier,empire,97,39,27,20,"{'id': 30, 'name': 'Socorro'}"
2023-07-11 14:22:14.841284,559,tie_fighter,empire,73,84,32,69,"{'id': 37, 'name': 'Ryloth'}"
2023-07-11 14:22:14.841284,560,x-wing,empire,79,93,60,18,"{'id': 57, 'name': 'Muunilinst'}"
2023-07-11 14:22:14.841284,561,unknown,resistance,78,10,92,91,"{'id': 60, 'name': 'Umbara'}"
2023-07-11 14:22:14.842284,562,x-wing,empire,95,34,56,75,"{'id': 28, 'name': 'Dagobah'}"
2023-07-11 14:22:14.842284,563,resistance_soldier,empire,67,44,82,86,"{'id': 1, 'name': 'Tatooine'}"
2023-07-11 14:22:14.842284,564,at-at,resistance,84,61,15,49,"{'id': 49, 'name': 'Dorin'}"
2023-07-11 14:22:14.842284,565,resistance_soldier,resistance,26,48,18,81,"{'id': 37, 'name': 'Ryloth'}"
2023-07-11 14:22:14.842284,566,resistance_soldier,empire,49,72,36,74,"{'id': 31, 'name': 'Mon Cala'}"
2023-07-11 14:22:14.842284,567,resistance_soldier,empire,81,9,88,29,"{'id': 50, 'name': 'Champala'}"
2023-07-11 14:22:14.842284,568,tie_silencer,resistance,43,10,19,3,"{'id': 42, 'name': 'Haruun Kal'}"
2023-07-11 14:22:14.842284,569,x-wing,empire,45,94,16,40,"{'id': 30, 'name': 'Socorro'}"
2023-07-11 14:22:14.842284,570,at-at,empire,58,57,4,18,"{'id': 44, 'name': 'Glee Anselm'}"
2023-07-11 14:22:14.842284,571,x-wing,resistance,13,71,14,32,"{'id': 40, 'name': 'Troiken'}"
2023-07-11 14:22:14.842284,572,x-wing,empire,92,2,85,45,"{'id': 2, 'name': 'Alderaan'}"
2023-07-11 14:22:14.842284,573,tie_fighter,resistance,44,45,8,24,"{'id': 56, 'name': 'Skako'}"
2023-07-11 14:22:14.842284,574,tie_silencer,resistance,45,47,14,8,"{'id': 28, 'name': 'Dagobah'}"
2023-07-11 14:22:14.842284,575,at-at,resistance,70,31,45,5,"{'id': 59, 'name': 'Kalee'}"
2023-07-11 14:22:14.842284,576,unknown,empire,97,99,86,74,"{'id': 59, 'name': 'Kalee'}"
2023-07-11 14:22:14.842284,577,x-wing,resistance,98,55,54,59,"{'id': 44, 'name': 'Glee Anselm'}"
2023-07-11 14:22:14.842284,578,resistance_soldier,empire,25,34,45,86,"{'id': 58, 'name': 'Shili'}"
2023-07-11 14:22:14.842284,579,at-at,resistance,89,30,53,50,"{'id': 29, 'name': 'Trandosha'}"
2023-07-11 14:22:14.842284,580,resistance_soldier,resistance,85,34,76,29,"{'id': 53, 'name': 'Concord Dawn'}"
2023-07-11 14:22:14.842284,581,stormtrooper,empire,89,3,87,33,"{'id': 43, 'name': 'Cerea'}"
2023-07-11 14:22:14.842284,582,at-st,resistance,15,62,8,100,"{'id': 21, 'name': 'Eriadu'}"
2023-07-11 14:22:14.842284,583,stormtrooper,resistance,36,64,81,39,"{'id': 44, 'name': 'Glee Anselm'}"
2023-07-11 14:22:14.842284,584,resistance_soldier,resistance,57,81,47,11,"{'id': 60, 'name': 'Umbara'}"
2023-07-11 14:22:14.842284,585,at-st,resistance,80,20,69,23,"{'id': 40, 'name': 'Troiken'}"
2023-07-11 14:22:14.842284,586,tie_fighter,resistance,70,83,46,84,"{'id': 38, 'name': 'Aleen Minor'}"
2023-07-11 14:22:14.842284,587,x-wing,resistance,17,5,33,13,"{'id': 59, 'name': 'Kalee'}"
2023-07-11 14:22:14.842284,588,unknown,resistance,82,94,30,88,"{'id': 49, 'name': 'Dorin'}"
2023-07-11 14:22:14.843285,589,resistance_soldier,empire,59,31,79,40,"{'id': 30, 'name': 'Socorro'}"
2023-07-11 14:22:14.843285,590,tie_silencer,resistance,73,72,81,30,"{'id': 36, 'name': 'Dathomir'}"
2023-07-11 14:22:14.843285,591,unknown,empire,24,51,99,16,"{'id': 26, 'name': 'Bestine IV'}"
2023-07-11 14:22:14.843285,592,at-st,resistance,39,74,51,80,"{'id': 39, 'name': 'Vulpter'}"
2023-07-11 14:22:14.843285,593,tie_fighter,resistance,24,43,53,66,"{'id': 33, 'name': 'Sullust'}"
2023-07-11 14:22:14.843285,594,at-at,resistance,51,16,15,88,"{'id': 38, 'name': 'Aleen Minor'}"
2023-07-11 14:22:14.843285,595,at-at,resistance,81,16,2,11,"{'id': 31, 'name': 'Mon Cala'}"
2023-07-11 14:22:14.843285,596,at-st,resistance,7,44,71,14,"{'id': 44, 'name': 'Glee Anselm'}"
2023-07-11 14:22:14.843285,597,at-at,empire,94,63,11,30,"{'id': 28, 'name': 'Dagobah'}"
2023-07-11 14:22:14.843285,598,tie_silencer,resistance,10,73,26,69,"{'id': 47, 'name': 'Iktotch'}"
2023-07-11 14:22:14.843285,599,tie_silencer,resistance,14,91,15,42,"{'id': 50, 'name': 'Champala'}"
2023-07-11 14:22:14.843285,600,tie_silencer,resistance,1,70,64,67,"{'id': 26, 'name': 'Bestine IV'}"
2023-07-11 14:22:14.843285,601,at-at,resistance,71,68,97,3,"{'id': 30, 'name': 'Socorro'}"
2023-07-11 14:22:14.843285,602,resistance_soldier,empire,33,11,46,77,"{'id': 20, 'name': 'Stewjon'}"
2023-07-11 14:22:14.843285,603,tie_fighter,resistance,81,80,95,57,"{'id': 41, 'name': 'Tund'}"
2023-07-11 14:22:14.843285,604,stormtrooper,resistance,25,5,57,83,"{'id': 60, 'name': 'Umbara'}"
2023-07-11 14:22:14.843285,605,tie_fighter,empire,81,36,62,50,"{'id': 59, 'name': 'Kalee'}"
2023-07-11 14:22:14.843285,606,at-at,empire,57,32,64,68,"{'id': 28, 'name': 'Dagobah'}"
2023-07-11 14:22:14.843285,607,resistance_soldier,empire,62,99,75,68,"{'id': 28, 'name': 'Dagobah'}"
2023-07-11 14:22:14.843285,608,at-at,resistance,31,8,26,77,"{'id': 44, 'name': 'Glee Anselm'}"
2023-07-11 14:22:14.843285,609,at-at,resistance,87,71,4,28,"{'id': 57, 'name': 'Muunilinst'}"
2023-07-11 14:22:14.843285,610,stormtrooper,resistance,3,34,65,38,"{'id': 56, 'name': 'Skako'}"
2023-07-11 14:22:14.843285,611,resistance_soldier,empire,4,66,27,42,"{'id': 41, 'name': 'Tund'}"
2023-07-11 14:22:14.843285,612,stormtrooper,resistance,95,3,92,67,"{'id': 54, 'name': 'Zolan'}"
2023-07-11 14:22:14.843285,613,tie_silencer,empire,46,34,88,54,"{'id': 39, 'name': 'Vulpter'}"
2023-07-11 14:22:14.843285,614,unknown,resistance,85,22,78,80,"{'id': 37, 'name': 'Ryloth'}"
2023-07-11 14:22:14.843285,615,at-st,resistance,87,56,87,84,"{'id': 39, 'name': 'Vulpter'}"
2023-07-11 14:22:14.843285,616,x-wing,empire,18,69,31,22,"{'id': 58, 'name': 'Shili'}"
2023-07-11 14:22:14.843285,617,tie_silencer,empire,69,7,10,77,"{'id': 47, 'name': 'Iktotch'}"
2023-07-11 14:22:14.843285,618,x-wing,resistance,90,56,6,51,"{'id': 45, 'name': 'Iridonia'}"
2023-07-11 14:22:14.844285,619,at-st,resistance,34,28,87,44,"{'id': 33, 'name': 'Sullust'}"
2023-07-11 14:22:14.844285,620,at-st,resistance,6,14,80,12,"{'id': 51, 'name': 'Mirial'}"
2023-07-11 14:22:14.844285,621,resistance_soldier,empire,40,25,69,44,"{'id': 37, 'name': 'Ryloth'}"
2023-07-11 14:22:14.844285,622,resistance_soldier,empire,60,71,70,58,"{'id': 38, 'name': 'Aleen Minor'}"
2023-07-11 14:22:14.844285,623,at-at,resistance,20,35,23,63,"{'id': 47, 'name': 'Iktotch'}"
2023-07-11 14:22:14.844285,624,resistance_soldier,empire,47,93,65,3,"{'id': 37, 'name': 'Ryloth'}"
2023-07-11 14:22:14.844285,625,stormtrooper,empire,84,74,32,6,"{'id': 29, 'name': 'Trandosha'}"
2023-07-11 14:22:14.844285,626,x-wing,resistance,22,38,41,59,"{'id': 26, 'name': 'Bestine IV'}"
2023-07-11 14:22:14.844285,627,tie_silencer,resistance,33,50,24,12,"{'id': 44, 'name': 'Glee Anselm'}"
2023-07-11 14:22:14.844285,628,stormtrooper,empire,31,40,86,25,"{'id': 49, 'name': 'Dorin'}"
2023-07-11 14:22:14.844285,629,tie_fighter,resistance,32,2,59,56,"{'id': 47, 'name': 'Iktotch'}"
2023-07-11 14:22:14.844285,630,at-st,empire,86,65,39,82,"{'id': 43, 'name': 'Cerea'}"
2023-07-11 14:22:14.844285,631,at-st,empire,3,77,25,67,"{'id': 43, 'name': 'Cerea'}"
2023-07-11 14:22:14.844285,632,stormtrooper,resistance,44,31,19,0,"{'id': 20, 'name': 'Stewjon'}"
2023-07-11 14:22:14.844285,633,resistance_soldier,resistance,66,89,94,10,"{'id': 40, 'name': 'Troiken'}"
2023-07-11 14:22:14.844285,634,at-at,resistance,4,43,32,98,"{'id': 20, 'name': 'Stewjon'}"
2023-07-11 14:22:14.844285,635,resistance_soldier,empire,26,13,92,98,"{'id': 26, 'name': 'Bestine IV'}"
2023-07-11 14:22:14.844285,636,unknown,empire,67,74,45,39,"{'id': 50, 'name': 'Champala'}"
2023-07-11 14:22:14.844285,637,unknown,empire,61,75,90,61,"{'id': 2, 'name': 'Alderaan'}"
2023-07-11 14:22:14.844285,638,stormtrooper,empire,14,66,49,3,"{'id': 22, 'name': 'Corellia'}"
2023-07-11 14:22:14.844285,639,resistance_soldier,empire,44,28,85,8,"{'id': 55, 'name': 'Ojom'}"
2023-07-11 14:22:14.844285,640,resistance_soldier,resistance,66,86,35,61,"{'id': 44, 'name': 'Glee Anselm'}"
2023-07-11 14:22:14.844285,641,x-wing,resistance,34,44,97,97,"{'id': 34, 'name': 'Toydaria'}"
2023-07-11 14:22:14.844285,642,stormtrooper,resistance,83,12,24,38,"{'id': 8, 'name': 'Naboo'}"
2023-07-11 14:22:14.844285,643,tie_silencer,resistance,3,53,45,59,"{'id': 43, 'name': 'Cerea'}"
2023-07-11 14:22:14.844285,644,tie_fighter,empire,100,90,32,3,"{'id': 39, 'name': 'Vulpter'}"
2023-07-11 14:22:14.844285,645,tie_silencer,empire,28,21,1,33,"{'id': 31, 'name': 'Mon Cala'}"
2023-07-11 14:22:14.844285,646,x-wing,empire,6,36,33,91,"{'id': 60, 'name': 'Umbara'}"
2023-07-11 14:22:14.844285,647,stormtrooper,resistance,74,13,31,50,"{'id': 37, 'name': 'Ryloth'}"
2023-07-11 14:22:14.844285,648,x-wing,empire,69,87,8,32,"{'id': 55, 'name': 'Ojom'}"
2023-07-11 14:22:14.845283,649,x-wing,empire,34,69,69,57,"{'id': 54, 'name': 'Zolan'}"
2023-07-11 14:22:14.845283,650,at-st,empire,85,23,59,75,"{'id': 34, 'name': 'Toydaria'}"
2023-07-11 14:22:14.845283,651,at-st,resistance,61,44,42,97,"{'id': 45, 'name': 'Iridonia'}"
2023-07-11 14:22:14.845283,652,x-wing,empire,57,76,13,82,"{'id': 32, 'name': 'Chandrila'}"
2023-07-11 14:22:14.845283,653,tie_fighter,resistance,84,81,4,42,"{'id': 54, 'name': 'Zolan'}"
2023-07-11 14:22:14.845283,654,resistance_soldier,empire,93,27,14,36,"{'id': 23, 'name': 'Rodia'}"
2023-07-11 14:22:14.845283,655,x-wing,resistance,8,59,43,61,"{'id': 20, 'name': 'Stewjon'}"
2023-07-11 14:22:14.845283,656,at-at,empire,20,97,18,7,"{'id': 22, 'name': 'Corellia'}"
2023-07-11 14:22:14.845283,657,unknown,resistance,20,39,39,66,"{'id': 35, 'name': 'Malastare'}"
2023-07-11 14:22:14.845283,658,at-at,empire,63,61,83,61,"{'id': 41, 'name': 'Tund'}"
2023-07-11 14:22:14.845283,659,tie_fighter,resistance,56,18,18,100,"{'id': 56, 'name': 'Skako'}"
2023-07-11 14:22:14.845283,660,at-at,resistance,73,89,38,11,"{'id': 2, 'name': 'Alderaan'}"
2023-07-11 14:22:14.845283,661,x-wing,resistance,36,22,72,50,"{'id': 1, 'name': 'Tatooine'}"
2023-07-11 14:22:14.845283,662,stormtrooper,resistance,67,100,83,40,"{'id': 53, 'name': 'Concord Dawn'}"
2023-07-11 14:22:14.845283,663,x-wing,resistance,18,49,3,15,"{'id': 29, 'name': 'Trandosha'}"
2023-07-11 14:22:14.845283,664,x-wing,empire,63,30,86,13,"{'id': 22, 'name': 'Corellia'}"
2023-07-11 14:22:14.845283,665,unknown,resistance,35,66,78,88,"{'id': 2, 'name': 'Alderaan'}"
2023-07-11 14:22:14.845283,666,at-at,resistance,47,53,42,19,"{'id': 46, 'name': 'Tholoth'}"
2023-07-11 14:22:14.845283,667,at-st,empire,85,34,51,11,"{'id': 43, 'name': 'Cerea'}"
2023-07-11 14:22:14.845283,668,stormtrooper,empire,100,94,72,20,"{'id': 21, 'name': 'Eriadu'}"
2023-07-11 14:22:14.845283,669,stormtrooper,empire,50,85,93,42,"{'id': 51, 'name': 'Mirial'}"
2023-07-11 14:22:14.845283,670,resistance_soldier,resistance,56,29,44,37,"{'id': 38, 'name': 'Aleen Minor'}"
2023-07-11 14:22:14.845283,671,at-at,empire,31,80,3,68,"{'id': 31, 'name': 'Mon Cala'}"
2023-07-11 14:22:14.845283,672,x-wing,empire,13,62,58,38,"{'id': 43, 'name': 'Cerea'}"
2023-07-11 14:22:14.845283,673,x-wing,empire,15,4,87,41,"{'id': 34, 'name': 'Toydaria'}"
2023-07-11 14:22:14.845283,674,stormtrooper,empire,7,36,82,51,"{'id': 60, 'name': 'Umbara'}"
2023-07-11 14:22:14.845283,675,resistance_soldier,empire,100,80,63,15,"{'id': 35, 'name': 'Malastare'}"
2023-07-11 14:22:14.845283,676,resistance_soldier,empire,71,3,99,70,"{'id': 49, 'name': 'Dorin'}"
2023-07-11 14:22:14.845283,677,unknown,resistance,52,99,16,79,"{'id': 21, 'name': 'Eriadu'}"
2023-07-11 14:22:14.846284,678,tie_silencer,resistance,42,63,88,15,"{'id': 44, 'name': 'Glee Anselm'}"
2023-07-11 14:22:14.846284,679,stormtrooper,empire,21,31,37,55,"{'id': 22, 'name': 'Corellia'}"
2023-07-11 14:22:14.846284,680,x-wing,empire,39,25,27,28,"{'id': 51, 'name': 'Mirial'}"
2023-07-11 14:22:14.846284,681,resistance_soldier,empire,10,49,52,55,"{'id': 41, 'name': 'Tund'}"
2023-07-11 14:22:14.846284,682,at-st,empire,79,97,12,18,"{'id': 52, 'name': 'Serenno'}"
2023-07-11 14:22:14.846284,683,x-wing,resistance,44,51,49,94,"{'id': 52, 'name': 'Serenno'}"
2023-07-11 14:22:14.846284,684,x-wing,empire,53,14,7,33,"{'id': 20, 'name': 'Stewjon'}"
2023-07-11 14:22:14.846284,685,stormtrooper,resistance,96,16,12,69,"{'id': 56, 'name': 'Skako'}"
2023-07-11 14:22:14.846284,686,unknown,empire,1,9,64,56,"{'id': 8, 'name': 'Naboo'}"
2023-07-11 14:22:14.846284,687,unknown,empire,82,33,44,86,"{'id': 52, 'name': 'Serenno'}"
2023-07-11 14:22:14.846284,688,tie_fighter,empire,16,50,99,41,"{'id': 14, 'name': 'Kashyyyk'}"
2023-07-11 14:22:14.846284,689,unknown,resistance,40,58,20,57,"{'id': 49, 'name': 'Dorin'}"
2023-07-11 14:22:14.846284,690,tie_silencer,resistance,89,79,24,85,"{'id': 30, 'name': 'Socorro'}"
2023-07-11 14:22:14.846284,691,unknown,empire,61,1,93,86,"{'id': 57, 'name': 'Muunilinst'}"
2023-07-11 14:22:14.846284,692,unknown,empire,52,13,76,16,"{'id': 35, 'name': 'Malastare'}"
2023-07-11 14:22:14.846284,693,x-wing,empire,33,59,99,69,"{'id': 51, 'name': 'Mirial'}"
2023-07-11 14:22:14.846284,694,tie_silencer,resistance,26,94,1,53,"{'id': 46, 'name': 'Tholoth'}"
2023-07-11 14:22:14.846284,695,at-at,resistance,2,89,25,17,"{'id': 50, 'name': 'Champala'}"
2023-07-11 14:22:14.846284,696,resistance_soldier,resistance,34,90,73,20,"{'id': 37, 'name': 'Ryloth'}"
2023-07-11 14:22:14.846284,697,x-wing,empire,15,100,72,51,"{'id': 53, 'name': 'Concord Dawn'}"
2023-07-11 14:22:14.846284,698,tie_fighter,empire,27,73,48,36,"{'id': 53, 'name': 'Concord Dawn'}"
2023-07-11 14:22:14.846284,699,stormtrooper,empire,54,71,68,8,"{'id': 37, 'name': 'Ryloth'}"
2023-07-11 14:22:14.847291,700,at-at,resistance,90,68,86,1,"{'id': 33, 'name': 'Sullust'}"
2023-07-11 14:22:14.847291,701,tie_fighter,resistance,11,41,92,43,"{'id': 60, 'name': 'Umbara'}"
2023-07-11 14:22:14.847291,702,resistance_soldier,resistance,17,51,0,75,"{'id': 59, 'name': 'Kalee'}"
2023-07-11 14:22:14.847291,703,stormtrooper,resistance,95,29,8,81,"{'id': 36, 'name': 'Dathomir'}"
2023-07-11 14:22:14.847291,704,tie_silencer,resistance,64,17,59,47,"{'id': 53, 'name': 'Concord Dawn'}"
2023-07-11 14:22:14.847291,705,at-at,empire,68,21,57,32,"{'id': 34, 'name': 'Toydaria'}"
2023-07-11 14:22:14.847291,706,x-wing,empire,44,91,97,39,"{'id': 23, 'name': 'Rodia'}"
2023-07-11 14:22:14.847291,707,at-at,resistance,49,61,0,89,"{'id': 56, 'name': 'Skako'}"
2023-07-11 14:22:14.847291,708,tie_silencer,empire,52,85,44,70,"{'id': 20, 'name': 'Stewjon'}"
2023-07-11 14:22:14.847291,709,stormtrooper,resistance,90,36,10,79,"{'id': 60, 'name': 'Umbara'}"
2023-07-11 14:22:14.847291,710,unknown,resistance,79,35,9,87,"{'id': 2, 'name': 'Alderaan'}"
2023-07-11 14:22:14.847291,711,tie_fighter,empire,28,87,10,33,"{'id': 40, 'name': 'Troiken'}"
2023-07-11 14:22:14.847291,712,resistance_soldier,resistance,98,37,46,36,"{'id': 57, 'name': 'Muunilinst'}"
2023-07-11 14:22:14.847291,713,tie_silencer,empire,96,23,29,24,"{'id': 34, 'name': 'Toydaria'}"
2023-07-11 14:22:14.847291,714,stormtrooper,resistance,18,86,5,62,"{'id': 14, 'name': 'Kashyyyk'}"
2023-07-11 14:22:14.847291,715,unknown,empire,31,66,73,90,"{'id': 29, 'name': 'Trandosha'}"
2023-07-11 14:22:14.847291,716,at-st,empire,3,28,59,60,"{'id': 52, 'name': 'Serenno'}"
2023-07-11 14:22:14.847291,717,resistance_soldier,empire,28,46,50,75,"{'id': 52, 'name': 'Serenno'}"
2023-07-11 14:22:14.847291,718,tie_fighter,empire,96,44,51,11,"{'id': 31, 'name': 'Mon Cala'}"
2023-07-11 14:22:14.847291,719,tie_fighter,empire,43,1,70,73,"{'id': 14, 'name': 'Kashyyyk'}"
2023-07-11 14:22:14.847291,720,x-wing,empire,38,50,47,84,"{'id': 33, 'name': 'Sullust'}"
2023-07-11 14:22:14.847291,721,at-at,resistance,7,3,81,77,"{'id': 37, 'name': 'Ryloth'}"
2023-07-11 14:22:14.847291,722,at-at,resistance,30,1,21,42,"{'id': 21, 'name': 'Eriadu'}"
2023-07-11 14:22:14.847291,723,at-st,empire,27,93,71,87,"{'id': 42, 'name': 'Haruun Kal'}"
2023-07-11 14:22:14.847291,724,at-at,resistance,62,46,62,42,"{'id': 52, 'name': 'Serenno'}"
2023-07-11 14:22:14.848283,725,tie_silencer,empire,12,96,52,22,"{'id': 32, 'name': 'Chandrila'}"
2023-07-11 14:22:14.848283,726,unknown,resistance,16,44,6,56,"{'id': 48, 'name': 'Quermia'}"
2023-07-11 14:22:14.848283,727,at-at,resistance,95,99,52,50,"{'id': 40, 'name': 'Troiken'}"
2023-07-11 14:22:14.848283,728,tie_silencer,empire,100,10,4,67,"{'id': 1, 'name': 'Tatooine'}"
2023-07-11 14:22:14.848283,729,unknown,resistance,77,74,99,10,"{'id': 59, 'name': 'Kalee'}"
2023-07-11 14:22:14.848283,730,stormtrooper,resistance,33,6,97,60,"{'id': 54, 'name': 'Zolan'}"
2023-07-11 14:22:14.848283,731,unknown,empire,100,18,84,35,"{'id': 32, 'name': 'Chandrila'}"
2023-07-11 14:22:14.848283,732,tie_silencer,resistance,52,39,84,41,"{'id': 20, 'name': 'Stewjon'}"
2023-07-11 14:22:14.848283,733,resistance_soldier,empire,90,50,34,93,"{'id': 58, 'name': 'Shili'}"
2023-07-11 14:22:14.848283,734,x-wing,empire,17,25,79,23,"{'id': 22, 'name': 'Corellia'}"
2023-07-11 14:22:14.848283,735,unknown,empire,94,88,24,78,"{'id': 43, 'name': 'Cerea'}"
2023-07-11 14:22:14.848283,736,at-st,resistance,86,17,25,79,"{'id': 50, 'name': 'Champala'}"
2023-07-11 14:22:14.848283,737,x-wing,resistance,35,13,80,55,"{'id': 57, 'name': 'Muunilinst'}"
2023-07-11 14:22:14.848283,738,resistance_soldier,empire,28,0,65,90,"{'id': 54, 'name': 'Zolan'}"
2023-07-11 14:22:14.848283,739,resistance_soldier,resistance,7,61,95,96,"{'id': 57, 'name': 'Muunilinst'}"
2023-07-11 14:22:14.848283,740,at-at,empire,45,67,33,76,"{'id': 38, 'name': 'Aleen Minor'}"
2023-07-11 14:22:14.848283,741,tie_silencer,resistance,2,79,32,34,"{'id': 58, 'name': 'Shili'}"
2023-07-11 14:22:14.848283,742,unknown,empire,19,50,56,90,"{'id': 36, 'name': 'Dathomir'}"
2023-07-11 14:22:14.848283,743,tie_silencer,resistance,92,45,60,90,"{'id': 20, 'name': 'Stewjon'}"
2023-07-11 14:22:14.848283,744,unknown,empire,78,84,53,40,"{'id': 22, 'name': 'Corellia'}"
2023-07-11 14:22:14.848283,745,at-st,resistance,33,14,97,16,"{'id': 40, 'name': 'Troiken'}"
2023-07-11 14:22:14.848283,746,at-st,resistance,37,61,3,28,"{'id': 53, 'name': 'Concord Dawn'}"
2023-07-11 14:22:14.848283,747,at-st,empire,93,91,50,86,"{'id': 28, 'name': 'Dagobah'}"
2023-07-11 14:22:14.848283,748,x-wing,empire,64,100,25,44,"{'id': 40, 'name': 'Troiken'}"
2023-07-11 14:22:14.848283,749,resistance_soldier,empire,33,68,99,33,"{'id': 37, 'name': 'Ryloth'}"
2023-07-11 14:22:14.848283,750,tie_fighter,resistance,56,13,8,54,"{'id': 54, 'name': 'Zolan'}"
2023-07-11 14:22:14.848283,751,stormtrooper,resistance,28,86,42,37,"{'id': 34, 'name': 'Toydaria'}"
2023-07-11 14:22:14.848283,752,stormtrooper,empire,27,29,98,12,"{'id': 42, 'name': 'Haruun Kal'}"
2023-07-11 14:22:14.848283,753,at-st,empire,22,25,7,55,"{'id': 14, 'name': 'Kashyyyk'}"
2023-07-11 14:22:14.848283,754,x-wing,empire,46,63,70,44,"{'id': 26, 'name': 'Bestine IV'}"
2023-07-11 14:22:14.849283,755,tie_silencer,resistance,38,75,76,95,"{'id': 45, 'name': 'Iridonia'}"
2023-07-11 14:22:14.849283,756,stormtrooper,empire,8,43,25,84,"{'id': 51, 'name': 'Mirial'}"
2023-07-11 14:22:14.849283,757,x-wing,resistance,46,10,51,76,"{'id': 58, 'name': 'Shili'}"
2023-07-11 14:22:14.849283,758,tie_fighter,resistance,58,100,8,84,"{'id': 59, 'name': 'Kalee'}"
2023-07-11 14:22:14.849283,759,tie_silencer,empire,79,54,43,69,"{'id': 28, 'name': 'Dagobah'}"
2023-07-11 14:22:14.849283,760,stormtrooper,resistance,90,10,15,93,"{'id': 2, 'name': 'Alderaan'}"
2023-07-11 14:22:14.849283,761,at-st,empire,42,42,32,2,"{'id': 51, 'name': 'Mirial'}"
2023-07-11 14:22:14.849283,762,tie_silencer,empire,16,7,93,95,"{'id': 41, 'name': 'Tund'}"
2023-07-11 14:22:14.849283,763,unknown,empire,65,86,3,32,"{'id': 33, 'name': 'Sullust'}"
2023-07-11 14:22:14.849283,764,at-at,resistance,45,40,54,52,"{'id': 54, 'name': 'Zolan'}"
2023-07-11 14:22:14.849283,765,resistance_soldier,resistance,98,24,42,54,"{'id': 35, 'name': 'Malastare'}"
2023-07-11 14:22:14.849283,766,unknown,resistance,24,30,25,92,"{'id': 28, 'name': 'Dagobah'}"
2023-07-11 14:22:14.849283,767,at-st,resistance,81,75,34,21,"{'id': 44, 'name': 'Glee Anselm'}"
2023-07-11 14:22:14.849283,768,stormtrooper,resistance,79,14,28,51,"{'id': 52, 'name': 'Serenno'}"
2023-07-11 14:22:14.849283,769,resistance_soldier,resistance,20,7,43,43,"{'id': 8, 'name': 'Naboo'}"
2023-07-11 14:22:14.849283,770,at-at,resistance,100,26,0,91,"{'id': 32, 'name': 'Chandrila'}"
2023-07-11 14:22:14.849283,771,tie_fighter,resistance,78,95,91,27,"{'id': 36, 'name': 'Dathomir'}"
2023-07-11 14:22:14.849283,772,resistance_soldier,empire,84,32,8,73,"{'id': 52, 'name': 'Serenno'}"
2023-07-11 14:22:14.849283,773,at-at,resistance,56,98,94,88,"{'id': 37, 'name': 'Ryloth'}"
2023-07-11 14:22:14.850285,774,resistance_soldier,empire,64,60,10,69,"{'id': 59, 'name': 'Kalee'}"
2023-07-11 14:22:14.850285,775,unknown,empire,6,15,76,87,"{'id': 38, 'name': 'Aleen Minor'}"
2023-07-11 14:22:14.850285,776,at-at,empire,39,86,6,68,"{'id': 8, 'name': 'Naboo'}"
2023-07-11 14:22:14.850285,777,unknown,resistance,38,4,25,26,"{'id': 14, 'name': 'Kashyyyk'}"
2023-07-11 14:22:14.850285,778,unknown,resistance,61,68,66,49,"{'id': 49, 'name': 'Dorin'}"
2023-07-11 14:22:14.850285,779,resistance_soldier,resistance,87,54,77,98,"{'id': 59, 'name': 'Kalee'}"
2023-07-11 14:22:14.850285,780,x-wing,empire,86,57,14,10,"{'id': 23, 'name': 'Rodia'}"
2023-07-11 14:22:14.850285,781,stormtrooper,resistance,51,12,4,42,"{'id': 29, 'name': 'Trandosha'}"
2023-07-11 14:22:14.850285,782,resistance_soldier,empire,30,20,29,42,"{'id': 57, 'name': 'Muunilinst'}"
2023-07-11 14:22:14.850285,783,tie_fighter,resistance,3,56,65,58,"{'id': 2, 'name': 'Alderaan'}"
2023-07-11 14:22:14.850285,784,stormtrooper,resistance,97,88,89,59,"{'id': 46, 'name': 'Tholoth'}"
2023-07-11 14:22:14.850285,785,resistance_soldier,empire,58,39,25,93,"{'id': 59, 'name': 'Kalee'}"
2023-07-11 14:22:14.850285,786,x-wing,empire,72,12,41,79,"{'id': 43, 'name': 'Cerea'}"
2023-07-11 14:22:14.850285,787,stormtrooper,resistance,12,18,15,66,"{'id': 21, 'name': 'Eriadu'}"
2023-07-11 14:22:14.850285,788,unknown,resistance,98,74,11,35,"{'id': 51, 'name': 'Mirial'}"
2023-07-11 14:22:14.850285,789,stormtrooper,resistance,57,93,67,15,"{'id': 48, 'name': 'Quermia'}"
2023-07-11 14:22:14.850285,790,at-st,resistance,35,15,57,43,"{'id': 28, 'name': 'Dagobah'}"
2023-07-11 14:22:14.850285,791,stormtrooper,resistance,13,44,67,86,"{'id': 50, 'name': 'Champala'}"
2023-07-11 14:22:14.850285,792,at-at,resistance,85,72,82,98,"{'id': 30, 'name': 'Socorro'}"
2023-07-11 14:22:14.851284,793,resistance_soldier,empire,27,15,6,54,"{'id': 53, 'name': 'Concord Dawn'}"
2023-07-11 14:22:14.851284,794,tie_silencer,resistance,15,78,23,65,"{'id': 37, 'name': 'Ryloth'}"
2023-07-11 14:22:14.851284,795,at-st,resistance,19,72,10,84,"{'id': 47, 'name': 'Iktotch'}"
2023-07-11 14:22:14.851284,796,stormtrooper,empire,84,88,24,25,"{'id': 21, 'name': 'Eriadu'}"
2023-07-11 14:22:14.851284,797,tie_fighter,resistance,20,0,90,8,"{'id': 26, 'name': 'Bestine IV'}"
2023-07-11 14:22:14.851284,798,at-st,empire,96,79,74,24,"{'id': 14, 'name': 'Kashyyyk'}"
2023-07-11 14:22:14.851284,799,at-st,empire,53,18,62,15,"{'id': 43, 'name': 'Cerea'}"
2023-07-11 14:22:14.851284,800,tie_silencer,resistance,98,87,81,19,"{'id': 32, 'name': 'Chandrila'}"
2023-07-11 14:22:14.851284,801,stormtrooper,resistance,62,76,53,4,"{'id': 29, 'name': 'Trandosha'}"
2023-07-11 14:22:14.851284,802,tie_fighter,resistance,69,80,65,36,"{'id': 23, 'name': 'Rodia'}"
2023-07-11 14:22:14.851284,803,stormtrooper,resistance,34,69,82,78,"{'id': 32, 'name': 'Chandrila'}"
2023-07-11 14:22:14.851284,804,at-st,resistance,39,24,44,83,"{'id': 37, 'name': 'Ryloth'}"
2023-07-11 14:22:14.851284,805,stormtrooper,empire,69,22,52,73,"{'id': 60, 'name': 'Umbara'}"
2023-07-11 14:22:14.851284,806,at-at,empire,61,78,46,51,"{'id': 37, 'name': 'Ryloth'}"
2023-07-11 14:22:14.851284,807,at-st,empire,85,93,43,6,"{'id': 47, 'name': 'Iktotch'}"
2023-07-11 14:22:14.851284,808,x-wing,resistance,14,59,52,95,"{'id': 55, 'name': 'Ojom'}"
2023-07-11 14:22:14.851284,809,resistance_soldier,empire,10,96,89,11,"{'id': 28, 'name': 'Dagobah'}"
2023-07-11 14:22:14.851284,810,tie_fighter,resistance,100,15,89,58,"{'id': 59, 'name': 'Kalee'}"
2023-07-11 14:22:14.851284,811,unknown,resistance,53,44,76,6,"{'id': 42, 'name': 'Haruun Kal'}"
2023-07-11 14:22:14.851284,812,at-at,empire,98,15,63,6,"{'id': 48, 'name': 'Quermia'}"
2023-07-11 14:22:14.851284,813,tie_silencer,empire,46,63,57,32,"{'id': 21, 'name': 'Eriadu'}"
2023-07-11 14:22:14.851284,814,tie_fighter,resistance,21,50,67,69,"{'id': 31, 'name': 'Mon Cala'}"
2023-07-11 14:22:14.851284,815,tie_fighter,empire,99,8,100,12,"{'id': 30, 'name': 'Socorro'}"
2023-07-11 14:22:14.851284,816,stormtrooper,empire,14,21,71,42,"{'id': 49, 'name': 'Dorin'}"
2023-07-11 14:22:14.851284,817,x-wing,empire,47,60,73,92,"{'id': 51, 'name': 'Mirial'}"
2023-07-11 14:22:14.851284,818,tie_fighter,empire,2,6,100,50,"{'id': 58, 'name': 'Shili'}"
2023-07-11 14:22:14.851284,819,unknown,resistance,30,90,30,74,"{'id': 59, 'name': 'Kalee'}"
2023-07-11 14:22:14.851284,820,unknown,empire,75,86,93,38,"{'id': 47, 'name': 'Iktotch'}"
2023-07-11 14:22:14.851284,821,x-wing,resistance,50,4,95,43,"{'id': 29, 'name': 'Trandosha'}"
2023-07-11 14:22:14.851284,822,at-st,resistance,24,27,19,13,"{'id': 23, 'name': 'Rodia'}"
2023-07-11 14:22:14.851284,823,unknown,resistance,82,33,87,22,"{'id': 32, 'name': 'Chandrila'}"
2023-07-11 14:22:14.852283,824,stormtrooper,empire,45,20,6,74,"{'id': 28, 'name': 'Dagobah'}"
2023-07-11 14:22:14.852283,825,x-wing,resistance,70,5,47,26,"{'id': 60, 'name': 'Umbara'}"
2023-07-11 14:22:14.852283,826,unknown,resistance,72,93,61,39,"{'id': 42, 'name': 'Haruun Kal'}"
2023-07-11 14:22:14.852283,827,at-at,empire,87,8,79,80,"{'id': 28, 'name': 'Dagobah'}"
2023-07-11 14:22:14.852283,828,unknown,resistance,11,14,52,94,"{'id': 53, 'name': 'Concord Dawn'}"
2023-07-11 14:22:14.852283,829,resistance_soldier,empire,12,34,82,97,"{'id': 8, 'name': 'Naboo'}"
2023-07-11 14:22:14.852283,830,unknown,resistance,93,66,85,13,"{'id': 23, 'name': 'Rodia'}"
2023-07-11 14:22:14.852283,831,resistance_soldier,resistance,69,23,61,75,"{'id': 22, 'name': 'Corellia'}"
2023-07-11 14:22:14.852283,832,stormtrooper,empire,74,66,21,41,"{'id': 43, 'name': 'Cerea'}"
2023-07-11 14:22:14.852283,833,at-at,empire,24,57,23,81,"{'id': 32, 'name': 'Chandrila'}"
2023-07-11 14:22:14.852283,834,stormtrooper,resistance,44,2,46,4,"{'id': 30, 'name': 'Socorro'}"
2023-07-11 14:22:14.852283,835,unknown,empire,5,79,20,63,"{'id': 47, 'name': 'Iktotch'}"
2023-07-11 14:22:14.852283,836,at-st,resistance,49,98,9,42,"{'id': 59, 'name': 'Kalee'}"
2023-07-11 14:22:14.852283,837,unknown,resistance,34,7,5,0,"{'id': 28, 'name': 'Dagobah'}"
2023-07-11 14:22:14.852283,838,unknown,resistance,56,50,12,46,"{'id': 2, 'name': 'Alderaan'}"
2023-07-11 14:22:14.852283,839,at-at,empire,14,48,56,49,"{'id': 48, 'name': 'Quermia'}"
2023-07-11 14:22:14.852283,840,tie_silencer,resistance,57,9,56,15,"{'id': 52, 'name': 'Serenno'}"
2023-07-11 14:22:14.852283,841,unknown,empire,35,87,52,55,"{'id': 54, 'name': 'Zolan'}"
2023-07-11 14:22:14.852283,842,stormtrooper,empire,3,36,82,29,"{'id': 44, 'name': 'Glee Anselm'}"
2023-07-11 14:22:14.852283,843,tie_fighter,resistance,5,91,65,62,"{'id': 49, 'name': 'Dorin'}"
2023-07-11 14:22:14.852283,844,tie_fighter,empire,48,2,34,44,"{'id': 8, 'name': 'Naboo'}"
2023-07-11 14:22:14.852283,845,resistance_soldier,resistance,35,60,76,59,"{'id': 54, 'name': 'Zolan'}"
2023-07-11 14:22:14.853285,846,at-st,resistance,11,25,98,79,"{'id': 20, 'name': 'Stewjon'}"
2023-07-11 14:22:14.853285,847,tie_fighter,resistance,55,70,87,79,"{'id': 40, 'name': 'Troiken'}"
2023-07-11 14:22:14.853285,848,tie_silencer,resistance,40,88,98,10,"{'id': 55, 'name': 'Ojom'}"
2023-07-11 14:22:14.853285,849,at-st,empire,7,7,70,78,"{'id': 37, 'name': 'Ryloth'}"
2023-07-11 14:22:14.853285,850,unknown,resistance,75,67,75,80,"{'id': 1, 'name': 'Tatooine'}"
2023-07-11 14:22:14.853285,851,x-wing,empire,98,69,38,61,"{'id': 1, 'name': 'Tatooine'}"
2023-07-11 14:22:14.853285,852,resistance_soldier,empire,81,51,5,69,"{'id': 60, 'name': 'Umbara'}"
2023-07-11 14:22:14.853285,853,resistance_soldier,resistance,0,94,1,16,"{'id': 42, 'name': 'Haruun Kal'}"
2023-07-11 14:22:14.853285,854,stormtrooper,empire,34,95,71,11,"{'id': 52, 'name': 'Serenno'}"
2023-07-11 14:22:14.853285,855,unknown,empire,44,72,76,9,"{'id': 36, 'name': 'Dathomir'}"
2023-07-11 14:22:14.853285,856,tie_fighter,empire,87,0,40,16,"{'id': 8, 'name': 'Naboo'}"
2023-07-11 14:22:14.853285,857,tie_fighter,resistance,39,72,1,24,"{'id': 2, 'name': 'Alderaan'}"
2023-07-11 14:22:14.853285,858,tie_fighter,resistance,53,25,15,58,"{'id': 60, 'name': 'Umbara'}"
2023-07-11 14:22:14.853285,859,at-at,empire,77,54,18,0,"{'id': 2, 'name': 'Alderaan'}"
2023-07-11 14:22:14.853285,860,stormtrooper,resistance,89,38,14,84,"{'id': 32, 'name': 'Chandrila'}"
2023-07-11 14:22:14.853285,861,at-at,resistance,3,60,22,61,"{'id': 21, 'name': 'Eriadu'}"
2023-07-11 14:22:14.853285,862,x-wing,resistance,34,60,9,72,"{'id': 32, 'name': 'Chandrila'}"
2023-07-11 14:22:14.853285,863,x-wing,empire,26,3,8,0,"{'id': 50, 'name': 'Champala'}"
2023-07-11 14:22:14.853285,864,tie_silencer,resistance,59,83,27,18,"{'id': 26, 'name': 'Bestine IV'}"
2023-07-11 14:22:14.853285,865,unknown,empire,37,73,26,74,"{'id': 38, 'name': 'Aleen Minor'}"
2023-07-11 14:22:14.853285,866,tie_silencer,resistance,61,70,51,4,"{'id': 23, 'name': 'Rodia'}"
2023-07-11 14:22:14.853285,867,tie_silencer,resistance,26,14,5,92,"{'id': 28, 'name': 'Dagobah'}"
2023-07-11 14:22:14.853285,868,tie_fighter,resistance,14,93,14,57,"{'id': 39, 'name': 'Vulpter'}"
2023-07-11 14:22:14.853285,869,tie_fighter,resistance,88,74,92,34,"{'id': 22, 'name': 'Corellia'}"
2023-07-11 14:22:14.853285,870,stormtrooper,resistance,74,67,52,75,"{'id': 29, 'name': 'Trandosha'}"
2023-07-11 14:22:14.853285,871,x-wing,empire,95,100,75,70,"{'id': 1, 'name': 'Tatooine'}"
2023-07-11 14:22:14.853285,872,x-wing,resistance,31,33,27,69,"{'id': 20, 'name': 'Stewjon'}"
2023-07-11 14:22:14.853285,873,x-wing,empire,96,3,13,94,"{'id': 57, 'name': 'Muunilinst'}"
2023-07-11 14:22:14.853285,874,x-wing,empire,89,72,55,32,"{'id': 35, 'name': 'Malastare'}"
2023-07-11 14:22:14.854283,875,stormtrooper,resistance,81,38,59,48,"{'id': 31, 'name': 'Mon Cala'}"
2023-07-11 14:22:14.854283,876,unknown,empire,65,83,93,16,"{'id': 44, 'name': 'Glee Anselm'}"
2023-07-11 14:22:14.854283,877,tie_silencer,empire,35,71,2,54,"{'id': 40, 'name': 'Troiken'}"
2023-07-11 14:22:14.854283,878,stormtrooper,resistance,62,11,86,58,"{'id': 33, 'name': 'Sullust'}"
2023-07-11 14:22:14.854283,879,tie_fighter,resistance,82,70,12,70,"{'id': 34, 'name': 'Toydaria'}"
2023-07-11 14:22:14.854283,880,at-at,resistance,93,51,77,11,"{'id': 43, 'name': 'Cerea'}"
2023-07-11 14:22:14.854283,881,x-wing,resistance,6,8,29,31,"{'id': 42, 'name': 'Haruun Kal'}"
2023-07-11 14:22:14.854283,882,unknown,resistance,90,15,82,64,"{'id': 58, 'name': 'Shili'}"
2023-07-11 14:22:14.854283,883,x-wing,resistance,43,48,61,70,"{'id': 37, 'name': 'Ryloth'}"
2023-07-11 14:22:14.854283,884,at-at,resistance,78,24,83,16,"{'id': 51, 'name': 'Mirial'}"
2023-07-11 14:22:14.854283,885,x-wing,empire,92,14,44,70,"{'id': 57, 'name': 'Muunilinst'}"
2023-07-11 14:22:14.854283,886,unknown,empire,25,54,16,23,"{'id': 52, 'name': 'Serenno'}"
2023-07-11 14:22:14.854283,887,tie_fighter,empire,70,5,98,38,"{'id': 41, 'name': 'Tund'}"
2023-07-11 14:22:14.854283,888,x-wing,resistance,86,50,96,49,"{'id': 44, 'name': 'Glee Anselm'}"
2023-07-11 14:22:14.854283,889,resistance_soldier,resistance,44,12,77,88,"{'id': 36, 'name': 'Dathomir'}"
2023-07-11 14:22:14.854283,890,resistance_soldier,empire,3,1,71,22,"{'id': 35, 'name': 'Malastare'}"
2023-07-11 14:22:14.854283,891,stormtrooper,empire,72,65,4,66,"{'id': 57, 'name': 'Muunilinst'}"
2023-07-11 14:22:14.854283,892,stormtrooper,resistance,70,1,55,5,"{'id': 57, 'name': 'Muunilinst'}"
2023-07-11 14:22:14.854283,893,tie_silencer,empire,49,18,37,61,"{'id': 54, 'name': 'Zolan'}"
2023-07-11 14:22:14.854283,894,resistance_soldier,resistance,68,66,67,68,"{'id': 40, 'name': 'Troiken'}"
2023-07-11 14:22:14.854283,895,at-st,resistance,57,16,73,9,"{'id': 22, 'name': 'Corellia'}"
2023-07-11 14:22:14.854283,896,at-st,empire,25,29,93,4,"{'id': 41, 'name': 'Tund'}"
2023-07-11 14:22:14.854283,897,x-wing,resistance,73,94,40,3,"{'id': 59, 'name': 'Kalee'}"
2023-07-11 14:22:14.854283,898,x-wing,resistance,17,65,57,91,"{'id': 58, 'name': 'Shili'}"
2023-07-11 14:22:14.854283,899,tie_silencer,empire,78,49,40,33,"{'id': 47, 'name': 'Iktotch'}"
2023-07-11 14:22:14.854283,900,tie_fighter,empire,37,3,33,30,"{'id': 1, 'name': 'Tatooine'}"
2023-07-11 14:22:14.854283,901,tie_fighter,resistance,50,37,45,61,"{'id': 42, 'name': 'Haruun Kal'}"
2023-07-11 14:22:14.854283,902,stormtrooper,empire,69,29,2,41,"{'id': 41, 'name': 'Tund'}"
2023-07-11 14:22:14.854283,903,unknown,empire,94,91,19,7,"{'id': 53, 'name': 'Concord Dawn'}"
2023-07-11 14:22:14.854283,904,resistance_soldier,empire,39,39,78,66,"{'id': 55, 'name': 'Ojom'}"
2023-07-11 14:22:14.854283,905,tie_fighter,resistance,75,76,83,59,"{'id': 54, 'name': 'Zolan'}"
2023-07-11 14:22:14.855285,906,x-wing,empire,22,94,83,26,"{'id': 21, 'name': 'Eriadu'}"
2023-07-11 14:22:14.855285,907,tie_silencer,empire,88,100,28,68,"{'id': 55, 'name': 'Ojom'}"
2023-07-11 14:22:14.855285,908,x-wing,resistance,24,43,71,70,"{'id': 59, 'name': 'Kalee'}"
2023-07-11 14:22:14.855285,909,at-at,empire,22,3,75,53,"{'id': 42, 'name': 'Haruun Kal'}"
2023-07-11 14:22:14.855285,910,stormtrooper,empire,15,76,14,50,"{'id': 48, 'name': 'Quermia'}"
2023-07-11 14:22:14.855285,911,tie_silencer,empire,79,66,60,89,"{'id': 58, 'name': 'Shili'}"
2023-07-11 14:22:14.855285,912,tie_fighter,resistance,56,92,89,70,"{'id': 33, 'name': 'Sullust'}"
2023-07-11 14:22:14.855285,913,at-st,resistance,16,92,17,69,"{'id': 46, 'name': 'Tholoth'}"
2023-07-11 14:22:14.855285,914,tie_silencer,resistance,41,23,77,99,"{'id': 51, 'name': 'Mirial'}"
2023-07-11 14:22:14.855285,915,tie_fighter,empire,62,90,55,76,"{'id': 54, 'name': 'Zolan'}"
2023-07-11 14:22:14.855285,916,tie_fighter,resistance,15,47,33,5,"{'id': 36, 'name': 'Dathomir'}"
2023-07-11 14:22:14.855285,917,at-st,empire,4,37,44,39,"{'id': 47, 'name': 'Iktotch'}"
2023-07-11 14:22:14.855285,918,tie_silencer,resistance,86,26,24,4,"{'id': 26, 'name': 'Bestine IV'}"
2023-07-11 14:22:14.855285,919,x-wing,empire,63,21,29,65,"{'id': 33, 'name': 'Sullust'}"
2023-07-11 14:22:14.855285,920,tie_silencer,resistance,15,70,33,13,"{'id': 41, 'name': 'Tund'}"
2023-07-11 14:22:14.855285,921,at-at,resistance,7,46,8,80,"{'id': 45, 'name': 'Iridonia'}"
2023-07-11 14:22:14.855285,922,unknown,resistance,91,26,55,20,"{'id': 39, 'name': 'Vulpter'}"
2023-07-11 14:22:14.855285,923,tie_silencer,resistance,74,54,84,5,"{'id': 52, 'name': 'Serenno'}"
2023-07-11 14:22:14.855285,924,x-wing,empire,2,10,51,53,"{'id': 20, 'name': 'Stewjon'}"
2023-07-11 14:22:14.855285,925,at-at,empire,19,42,84,52,"{'id': 8, 'name': 'Naboo'}"
2023-07-11 14:22:14.855285,926,x-wing,resistance,41,40,80,75,"{'id': 38, 'name': 'Aleen Minor'}"
2023-07-11 14:22:14.855285,927,at-st,resistance,35,73,68,17,"{'id': 50, 'name': 'Champala'}"
2023-07-11 14:22:14.855285,928,stormtrooper,empire,79,3,53,16,"{'id': 37, 'name': 'Ryloth'}"
2023-07-11 14:22:14.855285,929,at-at,resistance,34,84,78,90,"{'id': 36, 'name': 'Dathomir'}"
2023-07-11 14:22:14.855285,930,tie_fighter,resistance,44,37,1,98,"{'id': 23, 'name': 'Rodia'}"
2023-07-11 14:22:14.855285,931,tie_fighter,resistance,88,17,65,4,"{'id': 32, 'name': 'Chandrila'}"
2023-07-11 14:22:14.855285,932,tie_fighter,resistance,20,3,31,83,"{'id': 22, 'name': 'Corellia'}"
2023-07-11 14:22:14.855285,933,at-at,resistance,51,26,19,81,"{'id': 31, 'name': 'Mon Cala'}"
2023-07-11 14:22:14.855285,934,unknown,resistance,98,57,25,7,"{'id': 43, 'name': 'Cerea'}"
2023-07-11 14:22:14.855285,935,tie_fighter,resistance,99,51,36,68,"{'id': 47, 'name': 'Iktotch'}"
2023-07-11 14:22:14.855285,936,x-wing,resistance,12,22,60,11,"{'id': 23, 'name': 'Rodia'}"
2023-07-11 14:22:14.856285,937,x-wing,resistance,52,22,31,41,"{'id': 34, 'name': 'Toydaria'}"
2023-07-11 14:22:14.856285,938,stormtrooper,empire,1,13,45,54,"{'id': 59, 'name': 'Kalee'}"
2023-07-11 14:22:14.856285,939,tie_silencer,resistance,48,14,11,32,"{'id': 59, 'name': 'Kalee'}"
2023-07-11 14:22:14.856285,940,tie_fighter,resistance,78,8,59,50,"{'id': 33, 'name': 'Sullust'}"
2023-07-11 14:22:14.856285,941,tie_fighter,resistance,74,0,14,86,"{'id': 34, 'name': 'Toydaria'}"
2023-07-11 14:22:14.856285,942,resistance_soldier,resistance,62,89,36,57,"{'id': 21, 'name': 'Eriadu'}"
2023-07-11 14:22:14.856285,943,tie_fighter,resistance,48,22,41,89,"{'id': 49, 'name': 'Dorin'}"
2023-07-11 14:22:14.856285,944,at-at,resistance,65,12,88,32,"{'id': 53, 'name': 'Concord Dawn'}"
2023-07-11 14:22:14.856285,945,tie_silencer,resistance,57,4,98,82,"{'id': 31, 'name': 'Mon Cala'}"
2023-07-11 14:22:14.856285,946,tie_fighter,empire,15,42,52,48,"{'id': 56, 'name': 'Skako'}"
2023-07-11 14:22:14.856285,947,stormtrooper,empire,70,41,30,18,"{'id': 14, 'name': 'Kashyyyk'}"
2023-07-11 14:22:14.856285,948,tie_fighter,resistance,40,88,80,30,"{'id': 50, 'name': 'Champala'}"
2023-07-11 14:22:14.856285,949,tie_fighter,resistance,4,81,11,31,"{'id': 55, 'name': 'Ojom'}"
2023-07-11 14:22:14.856285,950,x-wing,resistance,1,21,50,0,"{'id': 59, 'name': 'Kalee'}"
2023-07-11 14:22:14.856285,951,unknown,resistance,76,46,0,8,"{'id': 34, 'name': 'Toydaria'}"
2023-07-11 14:22:14.856285,952,x-wing,empire,43,84,61,95,"{'id': 49, 'name': 'Dorin'}"
2023-07-11 14:22:14.856285,953,tie_silencer,empire,45,4,29,69,"{'id': 50, 'name': 'Champala'}"
2023-07-11 14:22:14.856285,954,unknown,empire,94,26,67,43,"{'id': 43, 'name': 'Cerea'}"
2023-07-11 14:22:14.856285,955,unknown,empire,52,33,83,13,"{'id': 29, 'name': 'Trandosha'}"
2023-07-11 14:22:14.856285,956,resistance_soldier,empire,2,13,16,96,"{'id': 1, 'name': 'Tatooine'}"
2023-07-11 14:22:14.856285,957,at-at,resistance,77,24,95,65,"{'id': 35, 'name': 'Malastare'}"
2023-07-11 14:22:14.856285,958,x-wing,empire,67,39,99,27,"{'id': 48, 'name': 'Quermia'}"
2023-07-11 14:22:14.856285,959,resistance_soldier,empire,14,74,6,45,"{'id': 47, 'name': 'Iktotch'}"
2023-07-11 14:22:14.856285,960,at-at,resistance,20,19,14,43,"{'id': 47, 'name': 'Iktotch'}"
2023-07-11 14:22:14.856285,961,at-st,empire,82,33,28,16,"{'id': 2, 'name': 'Alderaan'}"
2023-07-11 14:22:14.856285,962,stormtrooper,resistance,78,23,13,42,"{'id': 36, 'name': 'Dathomir'}"
2023-07-11 14:22:14.856285,963,resistance_soldier,resistance,42,9,60,60,"{'id': 54, 'name': 'Zolan'}"
2023-07-11 14:22:14.856285,964,unknown,empire,27,92,74,17,"{'id': 50, 'name': 'Champala'}"
2023-07-11 14:22:14.856285,965,stormtrooper,empire,50,34,30,92,"{'id': 23, 'name': 'Rodia'}"
2023-07-11 14:22:14.856285,966,x-wing,empire,83,6,25,20,"{'id': 2, 'name': 'Alderaan'}"
2023-07-11 14:22:14.856285,967,x-wing,empire,42,77,19,14,"{'id': 26, 'name': 'Bestine IV'}"
2023-07-11 14:22:14.857284,968,tie_fighter,empire,57,27,11,26,"{'id': 50, 'name': 'Champala'}"
2023-07-11 14:22:14.857284,969,tie_fighter,resistance,52,22,26,18,"{'id': 56, 'name': 'Skako'}"
2023-07-11 14:22:14.857284,970,x-wing,resistance,63,21,24,12,"{'id': 39, 'name': 'Vulpter'}"
2023-07-11 14:22:14.857284,971,at-at,resistance,29,31,39,12,"{'id': 32, 'name': 'Chandrila'}"
2023-07-11 14:22:14.857284,972,unknown,resistance,42,25,53,16,"{'id': 56, 'name': 'Skako'}"
2023-07-11 14:22:14.857284,973,stormtrooper,resistance,94,14,32,53,"{'id': 57, 'name': 'Muunilinst'}"
2023-07-11 14:22:14.857284,974,unknown,empire,7,45,29,91,"{'id': 39, 'name': 'Vulpter'}"
2023-07-11 14:22:14.857284,975,x-wing,empire,5,94,25,18,"{'id': 41, 'name': 'Tund'}"
2023-07-11 14:22:14.857284,976,at-st,resistance,31,40,90,64,"{'id': 39, 'name': 'Vulpter'}"
2023-07-11 14:22:14.857284,977,stormtrooper,resistance,95,24,20,33,"{'id': 40, 'name': 'Troiken'}"
2023-07-11 14:22:14.857284,978,resistance_soldier,resistance,78,87,82,35,"{'id': 31, 'name': 'Mon Cala'}"
2023-07-11 14:22:14.857284,979,at-st,empire,80,65,42,94,"{'id': 2, 'name': 'Alderaan'}"
2023-07-11 14:22:14.857284,980,stormtrooper,empire,51,26,66,82,"{'id': 23, 'name': 'Rodia'}"
2023-07-11 14:22:14.857284,981,unknown,empire,32,74,44,19,"{'id': 33, 'name': 'Sullust'}"
2023-07-11 14:22:14.857284,982,resistance_soldier,empire,75,1,34,80,"{'id': 37, 'name': 'Ryloth'}"
2023-07-11 14:22:14.857284,983,at-at,empire,4,43,68,67,"{'id': 56, 'name': 'Skako'}"
2023-07-11 14:22:14.857284,984,stormtrooper,resistance,39,48,38,48,"{'id': 8, 'name': 'Naboo'}"
2023-07-11 14:22:14.857284,985,unknown,empire,60,92,34,66,"{'id': 2, 'name': 'Alderaan'}"
2023-07-11 14:22:14.857284,986,at-st,empire,7,5,90,57,"{'id': 21, 'name': 'Eriadu'}"
2023-07-11 14:22:14.857284,987,tie_silencer,empire,14,80,30,40,"{'id': 58, 'name': 'Shili'}"
2023-07-11 14:22:14.857284,988,at-st,empire,81,9,87,32,"{'id': 32, 'name': 'Chandrila'}"
2023-07-11 14:22:14.857284,989,at-st,empire,72,75,82,68,"{'id': 55, 'name': 'Ojom'}"
2023-07-11 14:22:14.857284,990,at-at,empire,56,27,61,5,"{'id': 23, 'name': 'Rodia'}"
2023-07-11 14:22:14.857284,991,tie_silencer,empire,57,97,17,15,"{'id': 23, 'name': 'Rodia'}"
2023-07-11 14:22:14.857284,992,x-wing,empire,6,93,21,17,"{'id': 58, 'name': 'Shili'}"
2023-07-11 14:22:14.857284,993,tie_silencer,resistance,73,11,8,20,"{'id': 14, 'name': 'Kashyyyk'}"
2023-07-11 14:22:14.857284,994,at-st,resistance,51,36,56,38,"{'id': 38, 'name': 'Aleen Minor'}"
2023-07-11 14:22:14.858284,995,at-at,resistance,61,64,45,33,"{'id': 28, 'name': 'Dagobah'}"
2023-07-11 14:22:14.858284,996,tie_fighter,resistance,88,9,57,100,"{'id': 42, 'name': 'Haruun Kal'}"
2023-07-11 14:22:14.858284,997,unknown,empire,81,33,86,46,"{'id': 14, 'name': 'Kashyyyk'}"
2023-07-11 14:22:14.858284,998,tie_fighter,resistance,95,80,17,38,"{'id': 59, 'name': 'Kalee'}"
2023-07-11 14:22:14.858284,999,at-at,resistance,99,85,58,89,"{'id': 36, 'name': 'Dathomir'}"
2023-07-11 14:22:14.858284,1000,at-st,empire,42,56,68,5,"{'id': 45, 'name': 'Iridonia'}"
